publishedAt,neg,neu,pos,compound
2019-03-26 18:12:10,0.0,0.932,0.068,0.4404
2019-03-26 18:25:00,0.0,1.0,0.0,0.0
2019-03-26 18:34:08,0.073,0.831,0.096,-0.0258
2019-03-26 19:05:00,0.0,1.0,0.0,0.0
2019-03-26 19:26:41,0.0,1.0,0.0,0.0
2019-03-26 19:34:00,0.0,0.837,0.163,0.6808
2019-03-26 20:38:31,0.0,1.0,0.0,0.0
2019-03-26 20:52:55,0.226,0.774,0.0,-0.8689
2019-03-26 20:54:37,0.0,1.0,0.0,0.0
2019-03-26 21:00:10,0.046,0.852,0.102,0.4019
2019-03-26 21:08:31,0.0,0.941,0.059,0.3182
2019-03-26 21:08:31,0.072,0.775,0.152,0.296
2019-03-26 21:08:31,0.072,0.775,0.152,0.296
2019-03-26 21:20:00,0.065,0.935,0.0,-0.4215
2019-03-26 21:29:30,0.0,1.0,0.0,0.0
2019-03-26 22:06:00,0.0,0.805,0.195,0.8658
2019-03-26 22:28:42,0.06,0.891,0.049,-0.1151
2019-03-26 22:49:09,0.0,0.877,0.123,0.743
2019-03-26 22:54:14,0.063,0.86,0.078,-0.0754
2019-03-27 00:05:46,0.0,0.825,0.175,0.7717
2019-03-27 01:37:00,0.0,0.823,0.177,0.8316
2019-03-27 01:37:00,0.0,0.827,0.173,0.8316
2019-03-27 05:17:38,0.0,1.0,0.0,0.0
2019-03-27 06:26:47,0.0,1.0,0.0,0.0
2019-03-27 09:38:13,0.0,0.843,0.157,0.6369
2019-03-27 09:59:32,0.0,1.0,0.0,0.0
2019-03-27 10:00:11,0.0,0.835,0.165,0.7845
2019-03-27 10:46:36,0.0,0.877,0.123,0.7096
2019-03-27 11:14:00,0.191,0.809,0.0,-0.8316
2019-03-27 11:14:37,0.062,0.879,0.059,-0.0258
2019-03-27 12:00:49,0.036,0.827,0.137,0.5927
2019-03-27 12:11:13,0.0,0.761,0.239,0.8658
2019-03-27 12:46:12,0.0,0.901,0.099,0.5574
2019-03-27 13:00:21,0.0,0.907,0.093,0.5574
2019-03-27 13:00:55,0.117,0.786,0.096,-0.2648
2019-03-27 14:13:00,0.053,0.947,0.0,-0.25
2019-03-27 14:17:34,0.0,0.951,0.049,0.2732
2019-03-27 14:51:31,0.0,0.707,0.293,0.9231
2019-03-27 15:20:00,0.0,0.932,0.068,0.4404
2019-03-27 15:20:00,0.0,0.876,0.124,0.7003
2019-03-27 15:20:28,0.062,0.938,0.0,-0.4019
2019-03-27 15:22:23,0.0,0.936,0.064,0.34
2019-03-27 15:53:16,0.106,0.851,0.044,-0.4588
2019-03-27 16:26:38,0.049,0.845,0.106,0.4374
2019-03-27 16:26:38,0.049,0.845,0.106,0.4374
2019-03-27 16:54:04,0.046,0.954,0.0,-0.2263
2019-03-27 17:00:15,0.059,0.826,0.115,0.5574
2019-03-27 17:00:55,0.0,0.943,0.057,0.4215
2019-03-27 17:12:50,0.0,0.938,0.062,0.4404
2019-03-27 17:50:13,0.0,1.0,0.0,0.0
2019-03-27 17:53:08,0.0,1.0,0.0,0.0
2019-03-27 18:33:00,0.0,0.855,0.145,0.6808
2019-03-27 18:49:18,0.0,0.795,0.205,0.831
2019-03-27 20:11:27,0.122,0.878,0.0,-0.6486
2019-03-27 20:44:00,0.0,0.833,0.167,0.8126
2019-03-27 21:11:27,0.064,0.815,0.12,0.4497
2019-03-27 21:30:00,0.034,0.919,0.047,0.1531
2019-03-27 21:30:00,0.034,0.919,0.047,0.1531
2019-03-27 21:30:00,0.034,0.919,0.047,0.1531
2019-03-27 21:30:00,0.087,0.827,0.087,0.0
2019-03-27 21:45:09,0.185,0.815,0.0,-0.7964
2019-03-27 21:57:00,0.061,0.855,0.085,0.016
2019-03-27 22:34:00,0.0,0.858,0.142,0.7964
2019-03-27 23:16:11,0.049,0.825,0.126,0.4404
2019-03-28 01:26:03,0.0,1.0,0.0,0.0
2019-03-28 06:38:08,0.0,0.826,0.174,0.802
2019-03-28 09:00:34,0.0,1.0,0.0,0.0
2019-03-28 09:19:20,0.134,0.811,0.055,-0.4939
2019-03-28 09:27:15,0.058,0.847,0.095,0.204
2019-03-28 09:38:22,0.097,0.819,0.084,-0.1531
2019-03-28 09:55:17,0.108,0.743,0.149,0.0752
2019-03-28 10:45:00,0.0,0.905,0.095,0.4588
2019-03-28 10:54:50,0.0,0.944,0.056,0.3182
2019-03-28 11:00:00,0.047,0.817,0.136,0.5574
2019-03-28 11:27:11,0.122,0.78,0.098,-0.3182
2019-03-28 12:00:00,0.0,0.741,0.259,0.891
2019-03-28 12:14:24,0.0,1.0,0.0,0.0
2019-03-28 12:24:12,0.0,0.941,0.059,0.3182
2019-03-28 12:25:12,0.0,0.868,0.132,0.6908
2019-03-28 12:36:00,0.045,0.955,0.0,-0.2732
2019-03-28 12:44:59,0.043,0.931,0.026,-0.1779
2019-03-28 13:37:01,0.068,0.835,0.097,0.0772
2019-03-28 13:50:01,0.0,1.0,0.0,0.0
2019-03-28 13:54:01,0.0,0.931,0.069,0.4215
2019-03-28 13:54:01,0.0,0.801,0.199,0.802
2019-03-28 13:59:01,0.062,0.802,0.136,0.3818
2019-03-28 14:02:02,0.0,1.0,0.0,0.0
2019-03-28 14:09:02,0.0,0.818,0.182,0.7783
2019-03-28 14:23:22,0.036,0.964,0.0,-0.1027
2019-03-28 14:26:38,0.041,0.871,0.088,0.3134
2019-03-28 15:09:17,0.0,1.0,0.0,0.0
2019-03-28 15:26:03,0.0,0.797,0.203,0.8126
2019-03-28 15:35:42,0.0,1.0,0.0,0.0
2019-03-28 16:04:17,0.053,0.811,0.136,0.5859
2019-03-28 16:07:58,0.136,0.842,0.023,-0.6705
2019-03-28 16:08:12,0.0,1.0,0.0,0.0
2019-03-28 16:11:38,0.042,0.901,0.058,0.1779
2019-03-28 16:11:38,0.043,0.898,0.059,0.1779
2019-03-28 16:18:41,0.043,0.898,0.059,0.1779
2019-03-28 16:24:47,0.109,0.783,0.109,0.0
2019-03-28 16:56:49,0.108,0.841,0.052,-0.3818
2019-03-28 16:56:49,0.108,0.841,0.052,-0.3818
2019-03-28 17:11:16,0.0,1.0,0.0,0.0
2019-03-28 18:05:02,0.163,0.768,0.069,-0.6124
2019-03-28 18:34:59,0.0,0.811,0.189,0.8201
2019-03-28 18:44:00,0.0,0.876,0.124,0.6705
2019-03-28 18:44:00,0.07,0.777,0.153,0.34
2019-03-28 20:24:12,0.0,1.0,0.0,0.0
2019-03-28 20:41:51,0.077,0.723,0.2,0.4404
2019-03-28 21:06:35,0.0,0.963,0.037,0.1531
2019-03-28 21:08:44,0.0,0.892,0.108,0.4767
2019-03-28 21:20:44,0.064,0.724,0.213,0.7003
2019-03-28 22:15:51,0.0,0.948,0.052,0.2732
2019-03-29 00:00:00,0.123,0.833,0.044,-0.5574
2019-03-29 00:34:00,0.0,0.806,0.194,0.7845
2019-03-29 02:25:00,0.238,0.697,0.066,-0.8126
2019-03-29 02:56:29,0.0,0.941,0.059,0.4404
2019-03-29 02:56:29,0.0,0.941,0.059,0.4404
2019-03-29 03:59:58,0.07,0.815,0.115,0.5106
2019-03-29 03:59:58,0.07,0.815,0.115,0.5106
2019-03-29 03:59:58,0.07,0.815,0.115,0.5106
2019-03-29 04:28:24,0.074,0.865,0.061,0.1027
2019-03-29 04:28:24,0.074,0.865,0.061,0.1027
2019-03-29 05:10:13,0.112,0.888,0.0,-0.5859
2019-03-29 07:12:54,0.054,0.946,0.0,-0.1531
2019-03-29 09:02:53,0.072,0.807,0.12,0.5106
2019-03-29 09:02:53,0.072,0.807,0.12,0.5106
2019-03-29 10:20:10,0.07,0.815,0.115,0.5106
2019-03-29 10:20:10,0.07,0.815,0.115,0.5106
2019-03-29 10:36:34,0.0,0.798,0.202,0.891
2019-03-29 11:00:00,0.106,0.831,0.063,-0.1779
2019-03-29 11:15:57,0.0,0.848,0.152,0.3612
2019-03-29 11:30:19,0.036,0.895,0.069,0.3595
2019-03-29 11:47:47,0.0,0.93,0.07,0.5267
2019-03-29 11:47:47,0.0,0.93,0.07,0.5267
2019-03-29 11:47:47,0.0,0.93,0.07,0.5267
2019-03-29 12:00:00,0.0,0.928,0.072,0.4926
2019-03-29 12:00:00,0.0,0.719,0.281,0.9201
2019-03-29 12:46:00,0.0,0.942,0.058,0.4019
2019-03-29 13:00:00,0.032,0.794,0.174,0.8176
2019-03-29 14:10:14,0.0,0.928,0.072,0.4019
2019-03-29 14:13:02,0.0,0.806,0.194,0.8126
2019-03-29 14:35:02,0.0,1.0,0.0,0.0
2019-03-29 14:36:02,0.0,1.0,0.0,0.0
2019-03-29 14:57:04,0.0,0.817,0.183,0.6705
2019-03-29 15:43:57,0.0,1.0,0.0,0.0
2019-03-29 18:36:00,0.0,0.845,0.155,0.6808
2019-03-29 19:00:00,0.0,1.0,0.0,0.0
2019-03-29 19:13:00,0.0,0.955,0.045,0.2144
2019-03-29 20:10:09,0.0,0.965,0.035,0.128
2019-03-29 20:11:30,0.0,0.929,0.071,0.25
2019-03-29 21:33:00,0.0,0.712,0.288,0.9371
2019-03-29 22:04:57,0.0,0.933,0.067,0.4767
2019-03-29 23:28:00,0.143,0.798,0.059,-0.6124
2019-03-30 00:25:00,0.0,1.0,0.0,0.0
2019-03-30 01:10:48,0.041,0.828,0.13,0.5423
2019-03-30 07:03:41,0.0,1.0,0.0,0.0
2019-03-30 07:07:45,0.081,0.722,0.196,0.7351
2019-03-30 07:23:00,0.042,0.859,0.099,0.3818
2019-03-30 13:00:00,0.0,0.936,0.064,0.4767
2019-03-30 13:09:24,0.0,0.896,0.104,0.6369
2019-03-30 13:10:19,0.039,0.764,0.196,0.765
2019-03-30 13:30:01,0.12,0.837,0.044,-0.5859
2019-03-30 14:48:12,0.0,0.848,0.152,0.7345
2019-03-30 16:02:00,0.0,0.942,0.058,0.3384
2019-03-30 17:03:54,0.1,0.774,0.126,0.319
2019-03-30 17:20:27,0.0,0.872,0.128,0.6808
2019-03-30 20:14:18,0.0,0.94,0.06,0.3612
2019-03-30 20:40:00,0.0,0.888,0.112,0.5859
2019-03-30 21:37:47,0.0,0.889,0.111,0.6705
2019-03-30 22:04:00,0.161,0.787,0.052,-0.7003
2019-03-30 23:00:29,0.0,0.885,0.115,0.6369
2019-03-31 08:45:00,0.036,0.814,0.15,0.7184
2019-03-31 09:57:26,0.0,0.934,0.066,0.4767
2019-03-31 12:49:00,0.0,1.0,0.0,0.0
2019-03-31 13:15:00,0.0,1.0,0.0,0.0
2019-03-31 13:17:00,0.0,0.817,0.183,0.8516
2019-03-31 15:12:51,0.051,0.857,0.092,0.5023
2019-03-31 17:03:57,0.149,0.806,0.045,-0.6486
2019-03-31 17:30:32,0.0,0.941,0.059,0.4019
2019-03-31 18:10:00,0.041,0.739,0.22,0.802
2019-03-31 18:10:00,0.041,0.739,0.22,0.802
2019-03-31 19:00:34,0.0,0.922,0.078,0.4019
2019-03-31 19:01:19,0.0,0.951,0.049,0.296
2019-03-31 19:13:33,0.044,0.956,0.0,-0.296
2019-03-31 21:30:00,0.155,0.767,0.078,-0.705
2019-03-31 23:09:14,0.0,0.902,0.098,0.4215
2019-04-01 00:00:00,0.055,0.868,0.077,0.2263
2019-04-01 00:00:00,0.089,0.911,0.0,-0.5267
2019-04-01 03:31:00,0.0,1.0,0.0,0.0
2019-04-01 04:36:32,0.0,0.837,0.163,0.7783
2019-04-01 06:00:41,0.049,0.897,0.054,0.0516
2019-04-01 07:31:58,0.128,0.812,0.06,-0.4939
2019-04-01 07:45:00,0.0,0.789,0.211,0.8466
2019-04-01 09:57:10,0.0,1.0,0.0,0.0
2019-04-01 10:00:00,0.0,1.0,0.0,0.0
2019-04-01 11:05:00,0.0,0.873,0.127,0.5859
2019-04-01 11:06:04,0.0,0.862,0.138,0.7345
2019-04-01 11:46:27,0.13,0.87,0.0,-0.6597
2019-04-01 11:47:35,0.064,0.871,0.066,0.0258
2019-04-01 11:50:55,0.127,0.873,0.0,-0.6597
2019-04-01 12:08:49,0.0,0.931,0.069,0.3818
2019-04-01 12:10:55,0.0,0.938,0.062,0.3919
2019-04-01 12:12:15,0.114,0.886,0.0,-0.5994
2019-04-01 12:17:46,0.13,0.87,0.0,-0.6597
2019-04-01 12:20:51,0.109,0.781,0.109,0.0
2019-04-01 12:30:00,0.0,0.88,0.12,0.6369
2019-04-01 13:00:01,0.0,0.899,0.101,0.5709
2019-04-01 13:30:01,0.035,0.89,0.075,0.1779
2019-04-01 13:35:44,0.136,0.826,0.037,-0.7003
2019-04-01 13:40:01,0.022,0.731,0.248,0.9131
2019-04-01 13:55:01,0.149,0.81,0.041,-0.6249
2019-04-01 14:10:00,0.05,0.882,0.067,0.2023
2019-04-01 14:12:56,0.0,0.854,0.146,0.7345
2019-04-01 14:31:50,0.044,0.828,0.129,0.5719
2019-04-01 14:33:15,0.0,1.0,0.0,0.0
2019-04-01 14:33:15,0.0,1.0,0.0,0.0
2019-04-01 14:37:51,0.0,0.848,0.152,0.8555
2019-04-01 14:49:25,0.0,0.872,0.128,0.6908
2019-04-01 14:53:02,0.0,0.828,0.172,0.7717
2019-04-01 15:17:03,0.0,0.807,0.193,0.8519
2019-04-01 15:29:45,0.032,0.861,0.107,0.4003
2019-04-01 15:34:10,0.0,0.963,0.037,0.1901
2019-04-01 17:10:29,0.0,1.0,0.0,0.0
2019-04-01 17:10:29,0.13,0.812,0.058,-0.34
2019-04-01 17:10:29,0.0,1.0,0.0,0.0
2019-04-01 17:19:18,0.0,0.932,0.068,0.4019
2019-04-01 17:20:00,0.0,0.772,0.228,0.9081
2019-04-01 17:42:19,0.097,0.903,0.0,-0.296
2019-04-01 17:42:19,0.097,0.903,0.0,-0.296
2019-04-01 17:44:34,0.097,0.903,0.0,-0.296
2019-04-01 18:00:05,0.0,0.861,0.139,0.7506
2019-04-01 18:04:45,0.0,0.85,0.15,0.7096
2019-04-01 18:04:45,0.0,0.85,0.15,0.7096
2019-04-01 18:04:45,0.0,0.85,0.15,0.7096
2019-04-01 19:32:36,0.0,0.957,0.043,0.1779
2019-04-01 20:26:10,0.0,1.0,0.0,0.0
2019-04-01 20:57:08,0.0,0.929,0.071,0.3818
2019-04-01 21:25:00,0.0,0.871,0.129,0.7096
2019-04-01 21:25:00,0.0,0.871,0.129,0.7096
2019-04-01 21:25:00,0.0,0.871,0.129,0.7096
2019-04-01 21:36:07,0.0,0.905,0.095,0.5106
2019-04-01 21:45:09,0.045,0.833,0.122,0.5859
2019-04-01 21:45:09,0.045,0.833,0.122,0.5859
2019-04-01 22:30:00,0.0,0.938,0.062,0.3818
2019-04-01 23:56:30,0.0,0.839,0.161,0.7579
2019-04-02 00:03:58,0.0,0.821,0.179,0.7717
2019-04-02 00:06:11,0.0,1.0,0.0,0.0
2019-04-02 01:31:00,0.032,0.968,0.0,-0.1027
2019-04-02 01:50:00,0.076,0.924,0.0,-0.5574
2019-04-02 07:00:29,0.0,0.87,0.13,0.6908
2019-04-02 07:09:41,0.0,0.851,0.149,0.7351
2019-04-02 08:02:36,0.0,1.0,0.0,0.0
2019-04-02 08:11:31,0.0,1.0,0.0,0.0
2019-04-02 08:49:42,0.062,0.938,0.0,-0.4019
2019-04-02 08:50:36,0.061,0.873,0.066,0.0516
2019-04-02 09:21:08,0.0,0.754,0.246,0.9022
2019-04-02 11:18:30,0.0,0.865,0.135,0.7345
2019-04-02 11:46:34,0.131,0.769,0.1,-0.1263
2019-04-02 11:51:07,0.0,0.848,0.152,0.7345
2019-04-02 12:00:00,0.0,0.96,0.04,0.1779
2019-04-02 12:13:12,0.0,1.0,0.0,0.0
2019-04-02 12:50:17,0.093,0.817,0.09,0.4235
2019-04-02 13:09:12,0.0,0.891,0.109,0.5994
2019-04-02 13:09:12,0.0,0.904,0.096,0.4939
2019-04-02 13:22:21,0.037,0.963,0.0,-0.1027
2019-04-02 13:42:14,0.0,0.867,0.133,0.5574
2019-04-02 13:57:49,0.0,0.906,0.094,0.4939
2019-04-02 13:59:55,0.057,0.788,0.156,0.7096
2019-04-02 13:59:55,0.057,0.788,0.156,0.7096
2019-04-02 14:00:16,0.0,0.941,0.059,0.3612
2019-04-02 14:10:02,0.061,0.848,0.091,0.128
2019-04-02 14:10:02,0.064,0.835,0.101,0.1779
2019-04-02 14:41:20,0.098,0.695,0.208,0.7063
2019-04-02 15:06:38,0.0,0.942,0.058,0.296
2019-04-02 15:06:38,0.0,1.0,0.0,0.0
2019-04-02 15:29:02,0.0,0.913,0.087,0.4588
2019-04-02 15:29:02,0.0,0.913,0.087,0.4588
2019-04-02 15:41:51,0.0,1.0,0.0,0.0
2019-04-02 15:49:01,0.0,1.0,0.0,0.0
2019-04-02 16:37:14,0.0,0.852,0.148,0.7269
2019-04-02 16:37:14,0.0,0.852,0.148,0.7269
2019-04-02 16:37:14,0.0,0.852,0.148,0.7269
2019-04-02 16:37:14,0.0,0.852,0.148,0.7269
2019-04-02 16:37:14,0.0,0.852,0.148,0.7269
2019-04-02 16:37:14,0.0,0.852,0.148,0.7269
2019-04-02 16:37:14,0.0,0.852,0.148,0.7269
2019-04-02 16:39:00,0.0,0.909,0.091,0.5719
2019-04-02 16:49:05,0.0,0.956,0.044,0.1779
2019-04-02 17:30:20,0.0,0.931,0.069,0.5423
2019-04-02 17:32:01,0.0,0.962,0.038,0.2023
2019-04-02 17:36:48,0.0,0.957,0.043,0.2235
2019-04-02 18:00:42,0.056,0.827,0.117,0.6124
2019-04-02 18:03:36,0.119,0.881,0.0,-0.6901
2019-04-02 18:48:55,0.0,1.0,0.0,0.0
2019-04-02 19:04:53,0.106,0.809,0.085,0.0
2019-04-02 19:48:08,0.0,0.929,0.071,0.4404
2019-04-02 20:02:06,0.07,0.769,0.161,0.4215
2019-04-02 20:13:34,0.0,1.0,0.0,0.0
2019-04-02 20:35:25,0.0,0.746,0.254,0.8822
2019-04-02 20:35:53,0.0,1.0,0.0,0.0
2019-04-02 20:58:23,0.128,0.872,0.0,-0.5719
2019-04-02 21:09:00,0.103,0.842,0.055,-0.3182
2019-04-02 21:10:12,0.08,0.841,0.08,0.25
2019-04-02 21:25:00,0.0,0.924,0.076,0.5106
2019-04-02 21:35:19,0.0,0.791,0.209,0.8425
2019-04-02 22:12:42,0.0,1.0,0.0,0.0
2019-04-02 22:32:56,0.076,0.924,0.0,-0.4939
2019-04-02 22:37:44,0.178,0.822,0.0,-0.8591
2019-04-03 00:00:00,0.0,0.839,0.161,0.743
2019-04-03 00:29:44,0.0,1.0,0.0,0.0
2019-04-03 00:32:49,0.057,0.847,0.095,0.2023
2019-04-03 01:48:05,0.0,0.746,0.254,0.8822
2019-04-03 02:40:07,0.0,1.0,0.0,0.0
2019-04-03 05:00:01,0.0,1.0,0.0,0.0
2019-04-03 06:36:34,0.0,1.0,0.0,0.0
2019-04-03 06:54:32,0.0,1.0,0.0,0.0
2019-04-03 09:32:23,0.0,0.869,0.131,0.6705
2019-04-03 09:50:31,0.0,1.0,0.0,0.0
2019-04-03 10:44:00,0.0,0.865,0.135,0.6808
2019-04-03 11:05:07,0.0,0.809,0.191,0.8016
2019-04-03 12:20:56,0.0,0.93,0.07,0.3612
2019-04-03 12:50:36,0.0,0.967,0.033,0.128
2019-04-03 12:51:49,0.0,0.884,0.116,0.6249
2019-04-03 12:59:43,0.063,0.831,0.106,0.2263
2019-04-03 13:00:00,0.04,0.826,0.133,0.6597
2019-04-03 13:05:19,0.0,0.773,0.227,0.875
2019-04-03 13:05:19,0.072,0.717,0.211,0.765
2019-04-03 13:30:00,0.0,0.867,0.133,0.3818
2019-04-03 13:58:49,0.0,0.867,0.133,0.7184
2019-04-03 14:49:16,0.0,0.817,0.183,0.743
2019-04-03 15:28:00,0.0,0.808,0.192,0.8074
2019-04-03 16:09:12,0.0,1.0,0.0,0.0
2019-04-03 16:25:05,0.0,0.96,0.04,0.128
2019-04-03 16:30:00,0.052,0.754,0.194,0.6808
2019-04-03 16:33:29,0.048,0.895,0.057,-0.1531
2019-04-03 16:50:00,0.0,0.948,0.052,0.296
2019-04-03 16:55:08,0.1,0.856,0.044,-0.4033
2019-04-03 17:09:00,0.0,0.743,0.257,0.7096
2019-04-03 17:44:07,0.0,0.877,0.123,0.743
2019-04-03 17:47:37,0.059,0.941,0.0,-0.296
2019-04-03 17:47:42,0.053,0.911,0.036,-0.1779
2019-04-03 17:58:00,0.0,0.727,0.273,0.9432
2019-04-03 18:29:41,0.167,0.833,0.0,-0.8316
2019-04-03 18:34:55,0.0,1.0,0.0,0.0
2019-04-03 18:34:55,0.0,1.0,0.0,0.0
2019-04-03 18:39:41,0.0,1.0,0.0,0.0
2019-04-03 18:39:58,0.065,0.717,0.217,0.7003
2019-04-03 18:39:58,0.0,0.927,0.073,0.4588
2019-04-03 19:31:26,0.073,0.64,0.287,0.8658
2019-04-03 19:57:00,0.0,0.955,0.045,0.2144
2019-04-03 20:38:41,0.066,0.868,0.066,0.0
2019-04-03 20:40:30,0.065,0.871,0.065,0.0
2019-04-03 20:52:06,0.065,0.871,0.065,0.0
2019-04-03 21:15:00,0.041,0.907,0.052,0.128
2019-04-03 21:15:00,0.043,0.902,0.055,0.128
2019-04-03 21:15:00,0.043,0.902,0.055,0.128
2019-04-03 21:15:00,0.043,0.902,0.055,0.128
2019-04-03 21:15:00,0.041,0.907,0.052,0.128
2019-04-03 21:57:05,0.0,1.0,0.0,0.0
2019-04-03 22:10:00,0.0,1.0,0.0,0.0
2019-04-03 23:10:00,0.0,0.944,0.056,0.25
2019-04-03 23:41:08,0.0,1.0,0.0,0.0
2019-04-03 23:43:40,0.111,0.889,0.0,-0.5423
2019-04-04 00:04:00,0.129,0.825,0.046,-0.4767
2019-04-04 00:39:47,0.0,0.958,0.042,0.2023
2019-04-04 00:43:51,0.0,0.817,0.183,0.8286
2019-04-04 01:18:44,0.0,0.918,0.082,0.34
2019-04-04 01:36:31,0.0,0.918,0.082,0.34
2019-04-04 01:44:40,0.0,0.769,0.231,0.6908
2019-04-04 04:00:39,0.064,0.936,0.0,-0.4215
2019-04-04 08:03:14,0.116,0.815,0.069,-0.4939
2019-04-04 08:21:31,0.109,0.843,0.049,-0.4019
2019-04-04 08:39:16,0.0,1.0,0.0,0.0
2019-04-04 10:00:04,0.032,0.853,0.115,0.4921
2019-04-04 11:21:40,0.063,0.834,0.103,0.2641
2019-04-04 11:28:11,0.0,0.948,0.052,0.2732
2019-04-04 12:00:00,0.0,0.949,0.051,0.296
2019-04-04 12:00:00,0.0,0.955,0.045,0.2144
2019-04-04 12:00:00,0.0,0.955,0.045,0.2144
2019-04-04 12:00:58,0.0,0.872,0.128,0.6908
2019-04-04 12:21:02,0.0,0.78,0.22,0.7906
2019-04-04 12:36:12,0.0,0.849,0.151,0.7184
2019-04-04 12:45:42,0.07,0.93,0.0,-0.4201
2019-04-04 13:11:16,0.168,0.766,0.067,-0.7246
2019-04-04 13:15:01,0.0,1.0,0.0,0.0
2019-04-04 13:15:01,0.0,0.87,0.13,0.7184
2019-04-04 13:17:54,0.063,0.712,0.225,0.765
2019-04-04 13:18:01,0.0,0.931,0.069,0.4404
2019-04-04 14:00:00,0.0,0.858,0.142,0.7783
2019-04-04 14:00:00,0.0,0.939,0.061,0.3818
2019-04-04 14:00:00,0.041,0.851,0.108,0.4215
2019-04-04 14:00:00,0.041,0.851,0.108,0.4215
2019-04-04 14:01:17,0.0,0.794,0.206,0.872
2019-04-04 14:05:50,0.0,1.0,0.0,0.0
2019-04-04 14:10:02,0.0,0.886,0.114,0.6486
2019-04-04 14:11:02,0.0,1.0,0.0,0.0
2019-04-04 14:20:00,0.0,1.0,0.0,0.0
2019-04-04 14:26:04,0.0,0.934,0.066,0.3818
2019-04-04 14:26:04,0.0,0.938,0.062,0.3818
2019-04-04 14:31:24,0.0,0.876,0.124,0.5859
2019-04-04 14:40:02,0.0,0.903,0.097,0.5574
2019-04-04 14:41:02,0.0,1.0,0.0,0.0
2019-04-04 14:42:27,0.165,0.764,0.071,-0.5672
2019-04-04 14:44:02,0.029,0.971,0.0,-0.0572
2019-04-04 14:55:02,0.119,0.83,0.051,-0.5267
2019-04-04 15:30:00,0.0,0.94,0.06,0.2732
2019-04-04 15:37:55,0.085,0.87,0.046,-0.2023
2019-04-04 15:40:30,0.036,0.86,0.105,0.5106
2019-04-04 15:49:56,0.326,0.674,0.0,-0.9423
2019-04-04 16:05:00,0.0,0.864,0.136,0.6808
2019-04-04 16:22:00,0.0,0.955,0.045,0.2144
2019-04-04 16:22:28,0.0,0.952,0.048,0.2263
2019-04-04 16:57:06,0.0,1.0,0.0,0.0
2019-04-04 17:39:54,0.0,0.825,0.175,0.8519
2019-04-04 17:57:15,0.053,0.947,0.0,-0.3182
2019-04-04 18:00:00,0.0,0.946,0.054,0.25
2019-04-04 18:00:36,0.056,0.827,0.117,0.6124
2019-04-04 18:04:48,0.053,0.947,0.0,-0.3182
2019-04-04 18:04:48,0.053,0.947,0.0,-0.3182
2019-04-04 18:15:42,0.0,1.0,0.0,0.0
2019-04-04 18:16:06,0.053,0.947,0.0,-0.3182
2019-04-04 18:42:37,0.0,1.0,0.0,0.0
2019-04-04 19:04:26,0.0,1.0,0.0,0.0
2019-04-04 19:24:20,0.0,0.848,0.152,0.7345
2019-04-04 19:24:49,0.0,0.913,0.087,0.4019
2019-04-04 19:32:00,0.054,0.85,0.096,0.3164
2019-04-04 19:32:29,0.0,1.0,0.0,0.0
2019-04-04 19:34:39,0.071,0.762,0.167,0.4404
2019-04-04 19:39:07,0.0,0.753,0.247,0.8591
2019-04-04 19:54:01,0.0,0.791,0.209,0.8553
2019-04-04 20:00:53,0.0,0.951,0.049,0.2732
2019-04-04 20:12:57,0.0,0.95,0.05,0.2732
2019-04-04 20:14:00,0.0,1.0,0.0,0.0
2019-04-04 20:14:00,0.0,1.0,0.0,0.0
2019-04-04 20:23:10,0.0,0.901,0.099,0.5719
2019-04-04 20:29:31,0.071,0.762,0.167,0.4404
2019-04-04 20:30:00,0.0,1.0,0.0,0.0
2019-04-04 20:42:39,0.0,1.0,0.0,0.0
2019-04-04 21:00:30,0.0,0.855,0.145,0.6486
2019-04-04 21:02:30,0.0,1.0,0.0,0.0
2019-04-04 21:09:40,0.0,0.84,0.16,0.6486
2019-04-04 21:15:00,0.0,0.951,0.049,0.296
2019-04-04 21:15:56,0.054,0.946,0.0,-0.34
2019-04-04 21:35:48,0.0,1.0,0.0,0.0
2019-04-04 22:16:50,0.021,0.879,0.1,0.6124
2019-04-05 02:25:08,0.237,0.763,0.0,-0.8807
2019-04-05 02:25:08,0.237,0.763,0.0,-0.8807
2019-04-05 05:00:19,0.095,0.905,0.0,-0.5859
2019-04-05 06:19:47,0.039,0.911,0.05,0.1531
2019-04-05 07:14:00,0.182,0.818,0.0,-0.8316
2019-04-05 07:55:54,0.111,0.853,0.036,-0.5423
2019-04-05 08:00:01,0.0,0.889,0.111,0.6705
2019-04-05 09:00:37,0.0,0.794,0.206,0.872
2019-04-05 09:03:48,0.0,0.938,0.062,0.3818
2019-04-05 10:00:11,0.0,0.76,0.24,0.8642
2019-04-05 10:00:42,0.0,0.938,0.062,0.3818
2019-04-05 10:11:41,0.035,0.965,0.0,-0.128
2019-04-05 10:24:32,0.0,1.0,0.0,0.0
2019-04-05 10:45:26,0.034,0.966,0.0,-0.1531
2019-04-05 11:00:35,0.0,1.0,0.0,0.0
2019-04-05 11:47:01,0.069,0.752,0.18,0.4889
2019-04-05 12:54:28,0.0,0.864,0.136,0.7003
2019-04-05 12:59:28,0.0,1.0,0.0,0.0
2019-04-05 13:12:41,0.0,0.963,0.037,0.1779
2019-04-05 13:53:41,0.0,0.969,0.031,0.0258
2019-04-05 14:10:02,0.0,0.955,0.045,0.2263
2019-04-05 15:21:44,0.0,1.0,0.0,0.0
2019-04-05 15:38:59,0.0,1.0,0.0,0.0
2019-04-05 15:38:59,0.0,1.0,0.0,0.0
2019-04-05 15:43:35,0.0,1.0,0.0,0.0
2019-04-05 15:51:36,0.081,0.847,0.072,-0.1027
2019-04-05 15:57:56,0.078,0.801,0.121,0.4767
2019-04-05 16:00:00,0.0,1.0,0.0,0.0
2019-04-05 16:00:25,0.0,0.881,0.119,0.7003
2019-04-05 16:21:00,0.0,0.955,0.045,0.2144
2019-04-05 16:30:00,0.06,0.899,0.041,-0.2023
2019-04-05 17:56:19,0.049,0.951,0.0,-0.2755
2019-04-05 18:00:45,0.036,0.964,0.0,-0.1531
2019-04-05 18:04:03,0.0,1.0,0.0,0.0
2019-04-05 19:15:53,0.0,0.939,0.061,0.2263
2019-04-05 19:19:00,0.035,0.686,0.279,0.8519
2019-04-05 19:22:17,0.0,1.0,0.0,0.0
2019-04-05 19:25:01,0.0,0.814,0.186,0.8625
2019-04-05 20:00:00,0.0,0.955,0.045,0.2144
2019-04-05 20:24:32,0.0,1.0,0.0,0.0
2019-04-05 20:27:11,0.0,0.888,0.112,0.6486
2019-04-05 20:30:00,0.0,1.0,0.0,0.0
2019-04-05 20:30:00,0.048,0.862,0.091,0.2263
2019-04-05 20:31:57,0.069,0.931,0.0,-0.5423
2019-04-05 21:10:00,0.093,0.817,0.09,0.4235
2019-04-05 21:20:16,0.0,1.0,0.0,0.0
2019-04-05 21:30:00,0.0,0.96,0.04,0.1779
2019-04-05 21:40:00,0.0,0.955,0.045,0.2144
2019-04-05 23:34:22,0.0,0.887,0.113,0.5574
2019-04-06 00:03:00,0.0,0.894,0.106,0.5423
2019-04-06 01:42:01,0.0,0.948,0.052,0.296
2019-04-06 10:21:00,0.0,1.0,0.0,0.0
2019-04-06 14:01:30,0.104,0.711,0.185,0.5707
2019-04-06 16:50:38,0.0,0.793,0.207,0.8462
2019-04-06 18:56:12,0.072,0.928,0.0,-0.4767
2019-04-06 20:22:14,0.05,0.95,0.0,-0.2732
2019-04-06 20:22:14,0.051,0.949,0.0,-0.2732
2019-04-07 07:00:00,0.0,1.0,0.0,0.0
2019-04-07 10:01:55,0.031,0.898,0.071,0.431
2019-04-07 14:11:06,0.054,0.946,0.0,-0.3182
2019-04-07 14:14:48,0.0,1.0,0.0,0.0
2019-04-07 15:40:50,0.0,0.837,0.163,0.7003
2019-04-07 17:56:33,0.071,0.863,0.066,-0.0534
2019-04-07 20:07:00,0.0,0.911,0.089,0.4767
2019-04-07 21:27:56,0.0,1.0,0.0,0.0
2019-04-07 22:25:00,0.0,0.808,0.192,0.8074
2019-04-07 23:42:12,0.071,0.871,0.057,0.0772
2019-04-07 23:54:47,0.051,0.949,0.0,-0.25
2019-04-08 00:00:05,0.062,0.938,0.0,-0.4215
2019-04-08 00:13:01,0.0,0.925,0.075,0.5267
2019-04-08 00:18:27,0.041,0.832,0.128,0.5423
2019-04-08 01:38:07,0.0,0.884,0.116,0.624
2019-04-08 04:17:19,0.0,0.961,0.039,0.2023
2019-04-08 04:29:05,0.0,0.761,0.239,0.9106
2019-04-08 05:17:28,0.042,0.753,0.205,0.8126
2019-04-08 08:02:07,0.0,0.884,0.116,0.5574
2019-04-08 08:04:30,0.0,0.82,0.18,0.8567
2019-04-08 08:43:38,0.0,1.0,0.0,0.0
2019-04-08 08:49:37,0.044,0.904,0.052,0.1027
2019-04-08 09:36:58,0.0,0.871,0.129,0.7003
2019-04-08 09:55:22,0.0,0.944,0.056,0.296
2019-04-08 09:58:09,0.064,0.79,0.146,0.5574
2019-04-08 10:07:10,0.062,0.748,0.19,0.8126
2019-04-08 10:14:23,0.0,0.811,0.189,0.8225
2019-04-08 10:43:00,0.064,0.819,0.117,0.34
2019-04-08 10:59:00,0.0,1.0,0.0,0.0
2019-04-08 11:29:17,0.0,0.733,0.267,0.9001
2019-04-08 11:30:16,0.107,0.752,0.141,0.2006
2019-04-08 12:14:04,0.0,0.956,0.044,0.1779
2019-04-08 12:14:04,0.0,0.957,0.043,0.1779
2019-04-08 12:24:00,0.045,0.955,0.0,-0.2263
2019-04-08 12:55:46,0.0,0.967,0.033,0.1154
2019-04-08 12:55:46,0.0,0.967,0.033,0.1154
2019-04-08 13:24:24,0.0,0.884,0.116,0.5574
2019-04-08 14:00:02,0.0,0.863,0.137,0.7351
2019-04-08 14:01:38,0.0,0.956,0.044,0.1779
2019-04-08 14:01:38,0.0,0.955,0.045,0.1779
2019-04-08 14:04:08,0.0,1.0,0.0,0.0
2019-04-08 14:08:13,0.0,0.951,0.049,0.1779
2019-04-08 14:10:02,0.039,0.844,0.117,0.5859
2019-04-08 14:10:04,0.0,0.814,0.186,0.836
2019-04-08 14:17:37,0.063,0.831,0.106,0.2846
2019-04-08 14:22:00,0.055,0.793,0.152,0.5574
2019-04-08 14:26:00,0.0,0.864,0.136,0.6808
2019-04-08 14:34:57,0.0,0.851,0.149,0.7345
2019-04-08 15:09:45,0.0,0.671,0.329,0.9558
2019-04-08 16:06:31,0.133,0.867,0.0,-0.7647
2019-04-08 16:15:34,0.0,0.754,0.246,0.9136
2019-04-08 16:22:28,0.0,0.844,0.156,0.7345
2019-04-08 17:00:02,0.0,0.884,0.116,0.6249
2019-04-08 17:08:35,0.171,0.745,0.084,-0.7003
2019-04-08 17:20:00,0.0,0.955,0.045,0.2144
2019-04-08 17:44:06,0.0,0.952,0.048,0.25
2019-04-08 17:53:16,0.0,0.946,0.054,0.25
2019-04-08 18:00:07,0.0,0.864,0.136,0.7783
2019-04-08 18:08:00,0.022,0.776,0.202,0.7783
2019-04-08 18:49:57,0.122,0.788,0.089,-0.3818
2019-04-08 18:49:57,0.122,0.788,0.089,-0.3818
2019-04-08 19:23:21,0.0,0.93,0.07,0.5106
2019-04-08 20:20:03,0.0,0.888,0.112,0.7096
2019-04-08 20:25:23,0.0,1.0,0.0,0.0
2019-04-08 21:35:05,0.0,0.866,0.134,0.7351
2019-04-08 21:41:22,0.047,0.83,0.123,0.5859
2019-04-08 21:45:09,0.09,0.802,0.108,0.2263
2019-04-08 22:18:53,0.0,1.0,0.0,0.0
2019-04-08 22:18:53,0.0,1.0,0.0,0.0
2019-04-08 22:18:53,0.0,1.0,0.0,0.0
2019-04-08 22:42:03,0.0,1.0,0.0,0.0
2019-04-09 04:00:00,0.09,0.754,0.157,0.3167
2019-04-09 04:18:21,0.183,0.817,0.0,-0.8225
2019-04-09 09:00:00,0.046,0.954,0.0,-0.2263
2019-04-09 09:00:00,0.0,1.0,0.0,0.0
2019-04-09 09:58:00,0.145,0.705,0.15,0.0772
2019-04-09 10:00:00,0.0,1.0,0.0,0.0
2019-04-09 10:10:00,0.0,0.92,0.08,0.4215
2019-04-09 10:40:09,0.0,0.95,0.05,0.296
2019-04-09 10:48:58,0.0,1.0,0.0,0.0
2019-04-09 11:00:00,0.0,0.828,0.172,0.7579
2019-04-09 11:01:11,0.031,0.807,0.161,0.743
2019-04-09 11:32:11,0.0,0.826,0.174,0.765
2019-04-09 12:09:19,0.0,0.957,0.043,0.128
2019-04-09 12:09:19,0.0,0.742,0.258,0.8779
2019-04-09 12:10:08,0.0,0.795,0.205,0.8625
2019-04-09 12:10:08,0.0,0.795,0.205,0.8625
2019-04-09 12:10:08,0.0,0.795,0.205,0.8625
2019-04-09 12:29:53,0.0,1.0,0.0,0.0
2019-04-09 12:41:54,0.0,0.849,0.151,0.6908
2019-04-09 13:00:00,0.0,0.721,0.279,0.9201
2019-04-09 13:00:40,0.0,1.0,0.0,0.0
2019-04-09 13:07:06,0.05,0.95,0.0,-0.296
2019-04-09 13:42:01,0.0,0.882,0.118,0.6705
2019-04-09 13:42:01,0.0,0.882,0.118,0.6705
2019-04-09 13:50:01,0.022,0.731,0.248,0.9131
2019-04-09 14:10:37,0.0,0.861,0.139,0.6841
2019-04-09 14:20:59,0.0,0.857,0.143,0.6124
2019-04-09 14:32:21,0.0,0.911,0.089,0.3818
2019-04-09 14:34:56,0.0,0.788,0.212,0.836
2019-04-09 14:40:09,0.094,0.746,0.161,0.5423
2019-04-09 16:00:25,0.0,1.0,0.0,0.0
2019-04-09 16:24:27,0.075,0.925,0.0,-0.3612
2019-04-09 17:01:00,0.0,0.716,0.284,0.9201
2019-04-09 17:05:00,0.0,0.815,0.185,0.7964
2019-04-09 17:05:00,0.0,0.952,0.048,0.2732
2019-04-09 18:01:18,0.0,0.957,0.043,0.1779
2019-04-09 18:12:49,0.186,0.751,0.063,-0.7351
2019-04-09 18:45:00,0.0,1.0,0.0,0.0
2019-04-09 18:46:00,0.0,0.951,0.049,0.3254
2019-04-09 19:48:07,0.037,0.745,0.218,0.8934
2019-04-09 19:49:00,0.0,1.0,0.0,0.0
2019-04-09 19:55:51,0.0,0.949,0.051,0.296
2019-04-09 20:23:24,0.0,1.0,0.0,0.0
2019-04-09 20:30:00,0.0,1.0,0.0,0.0
2019-04-09 20:36:30,0.054,0.902,0.044,-0.1027
2019-04-09 20:50:00,0.0,1.0,0.0,0.0
2019-04-09 21:01:27,0.22,0.78,0.0,-0.836
2019-04-09 21:15:00,0.055,0.945,0.0,-0.296
2019-04-09 21:15:00,0.055,0.945,0.0,-0.296
2019-04-09 21:37:20,0.029,0.818,0.153,0.7269
2019-04-09 21:38:08,0.115,0.713,0.172,0.4404
2019-04-09 21:45:09,0.182,0.818,0.0,-0.7964
2019-04-09 21:45:09,0.133,0.867,0.0,-0.7096
2019-04-09 21:50:09,0.138,0.862,0.0,-0.7096
2019-04-09 22:02:00,0.0,0.955,0.045,0.2144
2019-04-10 00:00:00,0.0,1.0,0.0,0.0
2019-04-10 00:00:00,0.0,1.0,0.0,0.0
2019-04-10 00:00:32,0.212,0.701,0.086,-0.743
2019-04-10 00:26:00,0.0,0.955,0.045,0.2144
2019-04-10 06:46:00,0.0,1.0,0.0,0.0
2019-04-10 07:54:18,0.0,0.779,0.221,0.643
2019-04-10 08:07:14,0.0,1.0,0.0,0.0
2019-04-10 10:30:58,0.0,1.0,0.0,0.0
2019-04-10 10:30:58,0.0,1.0,0.0,0.0
2019-04-10 10:30:58,0.0,1.0,0.0,0.0
2019-04-10 10:30:58,0.0,1.0,0.0,0.0
2019-04-10 10:30:58,0.0,1.0,0.0,0.0
2019-04-10 10:30:58,0.0,1.0,0.0,0.0
2019-04-10 10:40:59,0.0,0.854,0.146,0.7579
2019-04-10 11:00:00,0.0,0.797,0.203,0.836
2019-04-10 11:06:44,0.0,0.915,0.085,0.4215
2019-04-10 11:06:44,0.0,0.913,0.087,0.4215
2019-04-10 11:10:00,0.0,0.913,0.087,0.4215
2019-04-10 11:30:00,0.0,0.951,0.049,0.2449
2019-04-10 11:38:44,0.0,1.0,0.0,0.0
2019-04-10 12:00:00,0.045,0.798,0.157,0.7574
2019-04-10 12:13:11,0.0,0.848,0.152,0.8555
2019-04-10 12:15:00,0.0,0.939,0.061,0.3818
2019-04-10 12:24:27,0.0,0.866,0.134,0.7351
2019-04-10 12:30:00,0.0,1.0,0.0,0.0
2019-04-10 12:40:29,0.0,0.886,0.114,0.7003
2019-04-10 12:48:12,0.03,0.97,0.0,-0.1027
2019-04-10 12:55:49,0.0,0.948,0.052,0.296
2019-04-10 12:58:42,0.0,1.0,0.0,0.0
2019-04-10 12:59:05,0.035,0.756,0.209,0.8637
2019-04-10 13:00:00,0.035,0.761,0.204,0.7783
2019-04-10 13:30:00,0.0,0.81,0.19,0.8271
2019-04-10 13:54:21,0.033,0.896,0.071,0.2263
2019-04-10 13:59:00,0.0,1.0,0.0,0.0
2019-04-10 14:55:00,0.0,0.787,0.213,0.875
2019-04-10 15:19:03,0.038,0.882,0.079,0.2023
2019-04-10 15:55:00,0.0,0.903,0.097,0.5106
2019-04-10 15:55:22,0.123,0.83,0.047,-0.5574
2019-04-10 16:45:00,0.0,1.0,0.0,0.0
2019-04-10 17:15:00,0.118,0.828,0.054,-0.4767
2019-04-10 19:22:13,0.0,0.797,0.203,0.7845
2019-04-10 19:30:28,0.0,0.798,0.202,0.765
2019-04-10 20:06:45,0.0,1.0,0.0,0.0
2019-04-10 20:06:45,0.0,1.0,0.0,0.0
2019-04-10 20:28:29,0.0,0.833,0.167,0.7003
2019-04-10 20:30:00,0.048,0.913,0.039,-0.1027
2019-04-10 20:49:07,0.093,0.626,0.281,0.8895
2019-04-10 21:00:08,0.0,0.809,0.191,0.836
2019-04-10 21:01:00,0.0,1.0,0.0,0.0
2019-04-10 21:25:00,0.073,0.88,0.048,-0.2799
2019-04-10 21:26:31,0.14,0.708,0.152,0.1779
2019-04-10 21:47:33,0.054,0.946,0.0,-0.34
2019-04-10 21:50:09,0.0,0.872,0.128,0.7184
2019-04-10 22:17:31,0.054,0.816,0.129,0.5927
2019-04-11 03:00:00,0.091,0.826,0.083,-0.1027
2019-04-11 03:32:45,0.0,0.866,0.134,0.7469
2019-04-11 04:15:48,0.0,1.0,0.0,0.0
2019-04-11 06:25:34,0.0,1.0,0.0,0.0
2019-04-11 10:21:51,0.102,0.842,0.056,-0.2732
2019-04-11 10:24:40,0.0,0.951,0.049,0.296
2019-04-11 10:45:19,0.159,0.743,0.098,-0.6597
2019-04-11 10:45:19,0.159,0.743,0.098,-0.6597
2019-04-11 11:00:01,0.0,0.933,0.067,0.4767
2019-04-11 11:06:25,0.0,0.919,0.081,0.3885
2019-04-11 11:30:00,0.0,1.0,0.0,0.0
2019-04-11 11:36:56,0.0,0.929,0.071,0.5574
2019-04-11 12:00:00,0.0,0.873,0.127,0.6597
2019-04-11 12:00:00,0.0,1.0,0.0,0.0
2019-04-11 12:30:00,0.0,0.726,0.274,0.9042
2019-04-11 13:05:23,0.0,0.951,0.049,0.2732
2019-04-11 13:05:23,0.0,0.891,0.109,0.4404
2019-04-11 13:05:23,0.0,1.0,0.0,0.0
2019-04-11 13:13:07,0.0,0.923,0.077,0.4767
2019-04-11 13:35:00,0.0,0.794,0.206,0.8922
2019-04-11 13:44:32,0.072,0.928,0.0,-0.4019
2019-04-11 13:57:28,0.0,1.0,0.0,0.0
2019-04-11 14:05:25,0.0,0.936,0.064,0.3818
2019-04-11 14:09:39,0.0,0.898,0.102,0.6249
2019-04-11 14:10:02,0.059,0.851,0.089,0.128
2019-04-11 14:10:02,0.06,0.763,0.177,0.7003
2019-04-11 14:10:38,0.0,0.844,0.156,0.743
2019-04-11 14:15:23,0.0,0.746,0.254,0.9118
2019-04-11 14:15:23,0.0,0.746,0.254,0.9118
2019-04-11 14:21:00,0.0,0.841,0.159,0.6808
2019-04-11 14:41:02,0.034,0.74,0.226,0.8225
2019-04-11 14:44:53,0.04,0.921,0.038,-0.0258
2019-04-11 15:27:48,0.0,0.974,0.026,0.0258
2019-04-11 15:29:00,0.0,0.847,0.153,0.6908
2019-04-11 15:47:06,0.061,0.895,0.044,-0.2023
2019-04-11 15:50:09,0.0,1.0,0.0,0.0
2019-04-11 15:54:57,0.145,0.855,0.0,-0.743
2019-04-11 16:24:46,0.0,0.968,0.032,0.0258
2019-04-11 17:02:10,0.0,0.889,0.111,0.5423
2019-04-11 17:30:00,0.0,1.0,0.0,0.0
2019-04-11 18:00:00,0.0,0.973,0.027,0.0258
2019-04-11 18:00:00,0.0,1.0,0.0,0.0
2019-04-11 18:00:00,0.0,1.0,0.0,0.0
2019-04-11 18:36:26,0.0,1.0,0.0,0.0
2019-04-11 18:36:26,0.0,1.0,0.0,0.0
2019-04-11 18:42:00,0.0,0.849,0.151,0.6808
2019-04-11 18:49:25,0.051,0.949,0.0,-0.296
2019-04-11 18:50:57,0.0,0.913,0.087,0.5574
2019-04-11 19:41:23,0.0,1.0,0.0,0.0
2019-04-11 20:14:48,0.0,0.811,0.189,0.8074
2019-04-11 20:44:36,0.0,0.842,0.158,0.7579
2019-04-11 20:49:00,0.0,0.882,0.118,0.5859
2019-04-11 21:36:25,0.054,0.827,0.119,0.3612
2019-04-11 22:00:00,0.0,0.977,0.023,0.0258
2019-04-11 23:00:12,0.0,1.0,0.0,0.0
2019-04-11 23:44:00,0.059,0.902,0.039,-0.25
2019-04-12 00:34:56,0.0,0.913,0.087,0.4588
2019-04-12 06:56:34,0.039,0.851,0.11,0.5267
2019-04-12 08:32:16,0.036,0.833,0.131,0.4939
2019-04-12 09:00:25,0.0,0.913,0.087,0.4404
2019-04-12 09:02:09,0.0,1.0,0.0,0.0
2019-04-12 10:00:00,0.0,0.944,0.056,0.3612
2019-04-12 10:20:30,0.079,0.921,0.0,-0.5719
2019-04-12 10:25:43,0.0,0.909,0.091,0.5423
2019-04-12 11:41:08,0.145,0.745,0.11,-0.4215
2019-04-12 11:51:11,0.0,0.873,0.127,0.6597
2019-04-12 11:55:51,0.0,1.0,0.0,0.0
2019-04-12 12:15:44,0.0,0.939,0.061,0.3818
2019-04-12 12:33:00,0.0,1.0,0.0,0.0
2019-04-12 12:34:00,0.0,0.813,0.187,0.7003
2019-04-12 12:34:00,0.0,0.813,0.187,0.7003
2019-04-12 12:34:00,0.0,0.813,0.187,0.7003
2019-04-12 12:36:26,0.0,1.0,0.0,0.0
2019-04-12 13:09:12,0.0,0.927,0.073,0.5106
2019-04-12 13:33:28,0.0,0.903,0.097,0.5267
2019-04-12 13:42:16,0.0,0.911,0.089,0.6486
2019-04-12 13:56:01,0.0,0.946,0.054,0.3182
2019-04-12 14:10:02,0.0,0.957,0.043,0.2263
2019-04-12 14:28:02,0.043,0.856,0.101,0.5251
2019-04-12 14:32:02,0.0,1.0,0.0,0.0
2019-04-12 14:41:10,0.0,0.862,0.138,0.7845
2019-04-12 14:52:56,0.0,1.0,0.0,0.0
2019-04-12 15:00:16,0.172,0.779,0.05,-0.7845
2019-04-12 15:11:37,0.0,0.842,0.158,0.7351
2019-04-12 15:28:30,0.0,0.935,0.065,0.4215
2019-04-12 15:56:18,0.062,0.938,0.0,-0.3818
2019-04-12 15:56:18,0.061,0.939,0.0,-0.3818
2019-04-12 16:33:37,0.068,0.645,0.287,0.8809
2019-04-12 17:11:48,0.0,1.0,0.0,0.0
2019-04-12 18:42:58,0.0,0.953,0.047,0.296
2019-04-12 18:42:58,0.0,0.953,0.047,0.296
2019-04-12 18:42:58,0.0,0.953,0.047,0.296
2019-04-12 19:00:12,0.037,0.843,0.12,0.6369
2019-04-12 19:31:29,0.0,0.911,0.089,0.5106
2019-04-12 19:55:53,0.0,0.907,0.093,0.4404
2019-04-12 20:00:00,0.0,1.0,0.0,0.0
2019-04-12 20:21:21,0.0,0.949,0.051,0.296
2019-04-12 21:35:00,0.0,0.889,0.111,0.6124
2019-04-12 21:35:00,0.0,0.889,0.111,0.6124
2019-04-12 21:35:00,0.0,0.889,0.111,0.6124
2019-04-12 21:35:00,0.0,0.896,0.104,0.6124
2019-04-12 21:35:00,0.0,0.889,0.111,0.6124
2019-04-12 21:35:00,0.0,0.889,0.111,0.6124
2019-04-12 21:52:22,0.0,0.774,0.226,0.8687
2019-04-13 11:52:09,0.0,0.903,0.097,0.5106
2019-04-13 12:29:30,0.058,0.907,0.035,-0.2732
2019-04-13 13:07:04,0.049,0.911,0.04,-0.1027
2019-04-13 13:29:00,0.0,0.917,0.083,0.4404
2019-04-13 17:35:00,0.0,0.852,0.148,0.6808
2019-04-13 17:35:00,0.0,0.852,0.148,0.6808
2019-04-13 20:00:00,0.0,0.849,0.151,0.7964
2019-04-14 04:20:25,0.0,1.0,0.0,0.0
2019-04-14 04:20:26,0.0,1.0,0.0,0.0
2019-04-14 10:00:53,0.054,0.896,0.05,-0.0516
2019-04-14 11:34:00,0.108,0.713,0.179,0.4019
2019-04-14 13:00:00,0.054,0.747,0.199,0.7506
2019-04-14 14:00:00,0.0,1.0,0.0,0.0
2019-04-14 14:02:54,0.0,1.0,0.0,0.0
2019-04-14 14:15:00,0.0,0.916,0.084,0.6369
2019-04-14 14:22:50,0.117,0.883,0.0,-0.6486
2019-04-14 15:04:08,0.0,0.873,0.127,0.6597
2019-04-14 16:14:43,0.0,1.0,0.0,0.0
2019-04-14 18:47:28,0.0,1.0,0.0,0.0
2019-04-14 19:00:48,0.0,0.82,0.18,0.8722
2019-04-14 19:30:18,0.053,0.783,0.164,0.6868
2019-04-14 19:31:44,0.0,1.0,0.0,0.0
2019-04-14 22:00:00,0.028,0.798,0.174,0.743
2019-04-14 22:48:06,0.116,0.754,0.13,0.4215
2019-04-14 23:00:00,0.121,0.879,0.0,-0.7003
2019-04-14 23:00:00,0.119,0.881,0.0,-0.7003
2019-04-14 23:48:00,0.0,0.826,0.174,0.7783
2019-04-15 01:07:38,0.0,0.901,0.099,0.34
2019-04-15 02:16:33,0.0,0.797,0.203,0.8481
2019-04-15 09:08:23,0.067,0.876,0.056,-0.128
2019-04-15 09:57:40,0.199,0.75,0.051,-0.7983
2019-04-15 10:00:11,0.0,1.0,0.0,0.0
2019-04-15 10:00:51,0.0,0.85,0.15,0.7644
2019-04-15 10:11:10,0.116,0.783,0.1,-0.2023
2019-04-15 10:11:12,0.0,0.949,0.051,0.2263
2019-04-15 10:21:44,0.0,0.965,0.035,0.1531
2019-04-15 10:25:09,0.0,0.93,0.07,0.4588
2019-04-15 10:31:57,0.0,0.909,0.091,0.5106
2019-04-15 10:50:02,0.08,0.866,0.055,-0.0258
2019-04-15 10:52:00,0.0,0.7,0.3,0.9186
2019-04-15 11:00:00,0.0,1.0,0.0,0.0
2019-04-15 11:14:38,0.0,1.0,0.0,0.0
2019-04-15 11:24:51,0.0,0.838,0.162,0.8074
2019-04-15 11:29:34,0.0,1.0,0.0,0.0
2019-04-15 11:40:30,0.0,0.728,0.272,0.9337
2019-04-15 11:42:53,0.0,1.0,0.0,0.0
2019-04-15 11:42:53,0.0,1.0,0.0,0.0
2019-04-15 11:47:00,0.054,0.877,0.069,0.1655
2019-04-15 12:26:07,0.0,0.912,0.088,0.4767
2019-04-15 12:45:34,0.05,0.95,0.0,-0.296
2019-04-15 13:11:57,0.0,0.848,0.152,0.7717
2019-04-15 13:37:39,0.0,1.0,0.0,0.0
2019-04-15 13:42:34,0.0,0.858,0.142,0.7269
2019-04-15 13:49:00,0.0,1.0,0.0,0.0
2019-04-15 13:56:01,0.0,1.0,0.0,0.0
2019-04-15 13:57:00,0.06,0.826,0.114,0.34
2019-04-15 13:58:30,0.035,0.903,0.062,0.296
2019-04-15 14:00:00,0.032,0.766,0.201,0.8591
2019-04-15 14:00:00,0.032,0.766,0.201,0.8591
2019-04-15 14:06:12,0.028,0.933,0.039,0.128
2019-04-15 14:07:12,0.0,0.778,0.222,0.8934
2019-04-15 14:32:18,0.0,1.0,0.0,0.0
2019-04-15 14:40:00,0.0,0.955,0.045,0.2144
2019-04-15 14:43:18,0.033,0.877,0.09,0.4404
2019-04-15 14:45:00,0.141,0.859,0.0,-0.7096
2019-04-15 14:47:02,0.0,1.0,0.0,0.0
2019-04-15 14:50:59,0.0,1.0,0.0,0.0
2019-04-15 14:53:34,0.068,0.72,0.212,0.8126
2019-04-15 15:00:41,0.0,0.801,0.199,0.8658
2019-04-15 15:26:07,0.0,0.799,0.201,0.8834
2019-04-15 15:34:07,0.106,0.84,0.054,-0.3818
2019-04-15 16:00:16,0.0,0.963,0.037,0.1779
2019-04-15 16:01:01,0.0,1.0,0.0,0.0
2019-04-15 16:50:00,0.0,0.955,0.045,0.2144
2019-04-15 18:27:39,0.0,0.909,0.091,0.4404
2019-04-15 18:31:26,0.074,0.706,0.221,0.8183
2019-04-15 19:09:00,0.0,0.783,0.217,0.8918
2019-04-15 19:09:00,0.0,0.783,0.217,0.8918
2019-04-15 19:27:01,0.0,0.951,0.049,0.25
2019-04-15 20:19:55,0.0,0.938,0.062,0.4215
2019-04-15 20:37:02,0.0,0.876,0.124,0.5859
2019-04-15 21:08:01,0.0,0.931,0.069,0.4215
2019-04-15 21:22:30,0.19,0.754,0.056,-0.6705
2019-04-15 21:25:07,0.0,1.0,0.0,0.0
2019-04-15 21:45:09,0.144,0.856,0.0,-0.7096
2019-04-15 22:02:21,0.0,0.879,0.121,0.6705
2019-04-15 22:02:21,0.0,0.879,0.121,0.6705
2019-04-15 22:15:31,0.0,0.89,0.11,0.5859
2019-04-15 22:45:00,0.096,0.803,0.1,0.0516
2019-04-15 22:51:41,0.0,0.842,0.158,0.7351
2019-04-16 00:08:00,0.14,0.779,0.081,-0.5106
2019-04-16 00:08:00,0.137,0.783,0.08,-0.5106
2019-04-16 00:29:23,0.0,0.947,0.053,0.3291
2019-04-16 00:29:23,0.0,0.947,0.053,0.3291
2019-04-16 02:09:48,0.0,1.0,0.0,0.0
2019-04-16 04:01:00,0.0,0.936,0.064,0.2023
2019-04-16 04:58:41,0.0,1.0,0.0,0.0
2019-04-16 06:00:00,0.0,0.734,0.266,0.9081
2019-04-16 09:00:23,0.0,0.94,0.06,0.4019
2019-04-16 10:21:00,0.0,0.868,0.132,0.7506
2019-04-16 11:00:00,0.0,0.868,0.132,0.6997
2019-04-16 11:07:51,0.0,1.0,0.0,0.0
2019-04-16 11:28:00,0.0,0.878,0.122,0.6124
2019-04-16 11:30:00,0.0,0.893,0.107,0.5095
2019-04-16 11:33:43,0.0,0.797,0.203,0.8807
2019-04-16 12:11:09,0.0,1.0,0.0,0.0
2019-04-16 12:11:09,0.0,1.0,0.0,0.0
2019-04-16 12:22:25,0.0,1.0,0.0,0.0
2019-04-16 12:22:37,0.0,1.0,0.0,0.0
2019-04-16 12:36:00,0.0,0.907,0.093,0.5267
2019-04-16 12:40:36,0.048,0.952,0.0,-0.2732
2019-04-16 12:45:12,0.0,0.871,0.129,0.7713
2019-04-16 13:00:18,0.066,0.934,0.0,-0.4939
2019-04-16 13:03:41,0.0,0.829,0.171,0.765
2019-04-16 13:15:01,0.083,0.854,0.063,0.0516
2019-04-16 13:30:22,0.0,0.921,0.079,0.4767
2019-04-16 13:35:09,0.0,1.0,0.0,0.0
2019-04-16 13:35:09,0.0,1.0,0.0,0.0
2019-04-16 13:38:01,0.0,0.879,0.121,0.7096
2019-04-16 13:48:46,0.0,1.0,0.0,0.0
2019-04-16 14:04:02,0.0,0.899,0.101,0.5267
2019-04-16 14:10:02,0.0,1.0,0.0,0.0
2019-04-16 14:19:05,0.091,0.706,0.203,0.7236
2019-04-16 14:24:00,0.0,0.93,0.07,0.4215
2019-04-16 14:29:36,0.0,0.727,0.273,0.875
2019-04-16 14:40:36,0.0,0.927,0.073,0.3818
2019-04-16 15:00:54,0.0,0.812,0.188,0.8658
2019-04-16 15:28:00,0.0,0.951,0.049,0.296
2019-04-16 15:28:00,0.0,1.0,0.0,0.0
2019-04-16 15:28:00,0.0,1.0,0.0,0.0
2019-04-16 15:47:39,0.117,0.71,0.173,0.4939
2019-04-16 15:53:03,0.0,0.968,0.032,0.0772
2019-04-16 15:59:00,0.0,0.839,0.161,0.6908
2019-04-16 16:27:13,0.053,0.947,0.0,-0.296
2019-04-16 16:37:37,0.0,0.918,0.082,0.5106
2019-04-16 16:37:37,0.0,0.918,0.082,0.5106
2019-04-16 16:37:37,0.0,0.918,0.082,0.5106
2019-04-16 16:37:37,0.0,0.918,0.082,0.5106
2019-04-16 16:37:37,0.0,0.918,0.082,0.5106
2019-04-16 16:37:37,0.0,0.918,0.082,0.5106
2019-04-16 16:37:37,0.0,0.918,0.082,0.5106
2019-04-16 16:45:28,0.049,0.841,0.111,0.4215
2019-04-16 16:45:28,0.049,0.841,0.111,0.4215
2019-04-16 17:38:42,0.046,0.747,0.207,0.8126
2019-04-16 17:47:15,0.049,0.843,0.108,0.3939
2019-04-16 18:09:47,0.0,0.896,0.104,0.6249
2019-04-16 18:17:15,0.0,0.848,0.152,0.8555
2019-04-16 18:17:15,0.0,0.848,0.152,0.8555
2019-04-16 18:30:17,0.0,0.822,0.178,0.8074
2019-04-16 18:33:12,0.052,0.89,0.059,0.0772
2019-04-16 19:06:00,0.058,0.806,0.136,0.4215
2019-04-16 19:11:26,0.092,0.736,0.172,0.5994
2019-04-16 19:24:55,0.098,0.799,0.102,0.0516
2019-04-16 19:25:11,0.04,0.746,0.214,0.7579
2019-04-16 19:31:08,0.111,0.712,0.178,0.3384
2019-04-16 19:31:27,0.0,0.876,0.124,0.7003
2019-04-16 19:31:42,0.046,0.837,0.117,0.5267
2019-04-16 19:33:00,0.093,0.907,0.0,-0.6705
2019-04-16 19:38:46,0.0,0.895,0.105,0.6486
2019-04-16 19:39:25,0.0,0.92,0.08,0.4939
2019-04-16 19:59:42,0.054,0.778,0.168,0.6908
2019-04-16 20:19:12,0.0,0.825,0.175,0.8176
2019-04-16 20:22:35,0.0,0.903,0.097,0.4767
2019-04-16 20:23:14,0.04,0.843,0.118,0.5423
2019-04-16 20:25:23,0.0,0.918,0.082,0.4939
2019-04-16 21:00:00,0.0,0.941,0.059,0.4215
2019-04-16 21:23:26,0.0,0.909,0.091,0.4019
2019-04-16 21:30:21,0.0,0.857,0.143,0.7717
2019-04-16 21:35:00,0.0,1.0,0.0,0.0
2019-04-16 21:45:09,0.044,0.837,0.12,0.5859
2019-04-16 21:56:48,0.11,0.89,0.0,-0.4939
2019-04-16 23:33:40,0.062,0.73,0.208,0.7003
2019-04-17 00:00:42,0.0,0.949,0.051,0.2732
2019-04-17 00:07:46,0.0,0.926,0.074,0.4767
2019-04-17 02:13:36,0.064,0.724,0.213,0.7003
2019-04-17 03:45:00,0.055,0.945,0.0,-0.3612
2019-04-17 04:00:13,0.0,0.861,0.139,0.765
2019-04-17 06:40:18,0.0,1.0,0.0,0.0
2019-04-17 07:27:00,0.0,0.782,0.218,0.7845
2019-04-17 08:28:01,0.0,0.925,0.075,0.3818
2019-04-17 10:09:26,0.0,1.0,0.0,0.0
2019-04-17 10:56:52,0.0,1.0,0.0,0.0
2019-04-17 11:08:09,0.125,0.875,0.0,-0.7184
2019-04-17 11:16:25,0.091,0.844,0.065,-0.296
2019-04-17 11:41:00,0.072,0.648,0.28,0.8613
2019-04-17 11:42:13,0.0,1.0,0.0,0.0
2019-04-17 11:42:13,0.0,1.0,0.0,0.0
2019-04-17 11:45:00,0.163,0.536,0.301,0.7902
2019-04-17 11:47:01,0.0,0.89,0.11,0.6369
2019-04-17 12:00:00,0.074,0.885,0.041,-0.1406
2019-04-17 12:11:37,0.0,1.0,0.0,0.0
2019-04-17 12:20:00,0.0,0.93,0.07,0.5267
2019-04-17 13:12:05,0.0,0.921,0.079,0.4404
2019-04-17 13:49:38,0.037,0.65,0.313,0.9287
2019-04-17 13:53:24,0.0,0.957,0.043,0.2023
2019-04-17 14:00:02,0.07,0.635,0.295,0.9201
2019-04-17 14:00:09,0.0,1.0,0.0,0.0
2019-04-17 14:00:09,0.0,1.0,0.0,0.0
2019-04-17 14:13:24,0.0,0.884,0.116,0.7003
2019-04-17 14:16:45,0.12,0.803,0.076,-0.5118
2019-04-17 14:18:08,0.0,0.957,0.043,0.2023
2019-04-17 14:31:39,0.0,1.0,0.0,0.0
2019-04-17 15:04:57,0.0,1.0,0.0,0.0
2019-04-17 15:04:57,0.0,1.0,0.0,0.0
2019-04-17 15:16:16,0.0,1.0,0.0,0.0
2019-04-17 15:50:06,0.053,0.788,0.16,0.5106
2019-04-17 16:00:36,0.0,0.944,0.056,0.3612
2019-04-17 16:12:24,0.0,0.841,0.159,0.6808
2019-04-17 16:15:26,0.0,0.926,0.074,0.3818
2019-04-17 16:30:00,0.0,0.882,0.118,0.6705
2019-04-17 16:32:56,0.0,0.87,0.13,0.549
2019-04-17 17:05:57,0.095,0.905,0.0,-0.4767
2019-04-17 17:07:15,0.098,0.791,0.111,0.1531
2019-04-17 17:17:36,0.0,0.852,0.148,0.7269
2019-04-17 17:36:23,0.077,0.849,0.075,-0.0258
2019-04-17 17:40:16,0.0,1.0,0.0,0.0
2019-04-17 17:58:09,0.042,0.88,0.079,0.3818
2019-04-17 18:20:00,0.0,0.944,0.056,0.3612
2019-04-17 18:29:50,0.0,1.0,0.0,0.0
2019-04-17 18:29:50,0.0,1.0,0.0,0.0
2019-04-17 19:02:00,0.0,0.938,0.062,0.4404
2019-04-17 19:02:00,0.0,0.939,0.061,0.4404
2019-04-17 19:52:00,0.0,0.924,0.076,0.5499
2019-04-17 20:00:00,0.0,0.927,0.073,0.5023
2019-04-17 20:29:18,0.0,0.927,0.073,0.4588
2019-04-17 20:29:18,0.07,0.769,0.161,0.4215
2019-04-17 21:15:00,0.058,0.942,0.0,-0.34
2019-04-17 21:15:00,0.058,0.942,0.0,-0.34
2019-04-17 21:16:28,0.0,0.937,0.063,0.4019
2019-04-17 21:54:00,0.0,1.0,0.0,0.0
2019-04-18 00:58:04,0.047,0.921,0.032,-0.162
2019-04-18 01:08:09,0.0,0.926,0.074,0.2732
2019-04-18 02:00:14,0.0,0.95,0.05,0.3182
2019-04-18 02:18:00,0.0,0.897,0.103,0.7227
2019-04-18 02:32:11,0.042,0.772,0.185,0.7506
2019-04-18 03:02:09,0.0,0.949,0.051,0.3612
2019-04-18 06:15:09,0.0,0.89,0.11,0.5688
2019-04-18 07:00:00,0.073,0.81,0.117,0.296
2019-04-18 10:00:06,0.04,0.748,0.211,0.8573
2019-04-18 10:14:00,0.0,0.941,0.059,0.2023
2019-04-18 10:50:10,0.0,0.941,0.059,0.3612
2019-04-18 11:42:49,0.0,0.792,0.208,0.8768
2019-04-18 11:49:44,0.083,0.917,0.0,-0.4404
2019-04-18 12:10:12,0.0,0.938,0.062,0.4404
2019-04-18 12:30:47,0.046,0.903,0.05,0.0516
2019-04-18 12:35:26,0.0,0.905,0.095,0.3612
2019-04-18 13:58:16,0.0,1.0,0.0,0.0
2019-04-18 14:38:55,0.0,1.0,0.0,0.0
2019-04-18 14:52:40,0.0,0.926,0.074,0.5106
2019-04-18 14:55:29,0.0,1.0,0.0,0.0
2019-04-18 15:00:00,0.0,1.0,0.0,0.0
2019-04-18 15:00:30,0.113,0.817,0.07,-0.228
2019-04-18 15:00:31,0.063,0.898,0.039,-0.2617
2019-04-18 15:46:59,0.0,1.0,0.0,0.0
2019-04-18 15:50:37,0.0,0.921,0.079,0.4767
2019-04-18 16:10:00,0.0,0.719,0.281,0.8658
2019-04-18 16:29:04,0.058,0.825,0.118,0.4404
2019-04-18 16:35:19,0.0,0.816,0.184,0.7906
2019-04-18 16:41:16,0.0,1.0,0.0,0.0
2019-04-18 17:00:00,0.0,0.973,0.027,0.0258
2019-04-18 17:03:08,0.0,1.0,0.0,0.0
2019-04-18 17:13:52,0.0,1.0,0.0,0.0
2019-04-18 17:43:24,0.0,1.0,0.0,0.0
2019-04-18 17:52:36,0.052,0.847,0.101,0.2732
2019-04-18 18:00:00,0.059,0.941,0.0,-0.34
2019-04-18 18:39:00,0.0,0.94,0.06,0.2023
2019-04-18 19:39:06,0.064,0.724,0.213,0.7003
2019-04-18 19:39:06,0.0,0.907,0.093,0.4767
2019-04-18 19:58:09,0.0,1.0,0.0,0.0
2019-04-18 20:11:05,0.065,0.719,0.216,0.6908
2019-04-18 20:11:05,0.0,0.925,0.075,0.4588
2019-04-18 21:00:00,0.0,0.955,0.045,0.2144
2019-04-18 21:00:49,0.069,0.782,0.149,0.34
2019-04-18 23:25:00,0.078,0.776,0.146,0.2732
2019-04-19 01:20:12,0.0,0.771,0.229,0.836
2019-04-19 02:02:23,0.0,1.0,0.0,0.0
2019-04-19 05:47:08,0.137,0.813,0.049,-0.5661
2019-04-19 05:54:48,0.0,1.0,0.0,0.0
2019-04-19 06:45:34,0.0,1.0,0.0,0.0
2019-04-19 09:00:02,0.214,0.712,0.075,-0.765
2019-04-19 10:00:00,0.0,1.0,0.0,0.0
2019-04-19 11:30:00,0.0,0.94,0.06,0.3612
2019-04-19 11:30:00,0.0,0.957,0.043,0.25
2019-04-19 12:28:43,0.0,0.87,0.13,0.7184
2019-04-19 12:46:00,0.0,1.0,0.0,0.0
2019-04-19 13:10:01,0.0,0.951,0.049,0.296
2019-04-19 13:30:01,0.0,0.938,0.062,0.4019
2019-04-19 13:38:40,0.0,0.947,0.053,0.4019
2019-04-19 14:10:38,0.086,0.759,0.155,0.4995
2019-04-19 14:58:50,0.0,0.849,0.151,0.7506
2019-04-19 19:20:00,0.0,0.869,0.131,0.5647
2019-04-19 19:26:49,0.0,0.813,0.187,0.8074
2019-04-19 21:21:01,0.0,0.672,0.328,0.9442
2019-04-20 00:30:58,0.0,0.862,0.138,0.6908
2019-04-20 02:38:52,0.0,0.933,0.067,0.4215
2019-04-20 02:38:52,0.0,0.933,0.067,0.4215
2019-04-20 11:58:00,0.0,0.71,0.29,0.9287
2019-04-20 12:05:47,0.0,0.84,0.16,0.7906
2019-04-20 12:05:47,0.0,0.84,0.16,0.7906
2019-04-20 13:24:29,0.027,0.785,0.188,0.8817
2019-04-20 13:39:13,0.051,0.897,0.053,0.0258
2019-04-20 13:45:11,0.0,0.882,0.118,0.6361
2019-04-20 13:57:02,0.0,0.944,0.056,0.3818
2019-04-20 14:50:35,0.0,0.901,0.099,0.5574
2019-04-20 20:24:00,0.0,0.901,0.099,0.6322
2019-04-21 08:55:50,0.0,0.96,0.04,0.2023
2019-04-21 14:15:58,0.0,0.965,0.035,0.128
2019-04-21 16:48:39,0.064,0.872,0.064,-0.25
2019-04-21 18:03:00,0.098,0.781,0.121,0.0258
2019-04-21 18:16:59,0.067,0.933,0.0,-0.4215
2019-04-22 01:37:58,0.069,0.931,0.0,-0.4215
2019-04-22 02:40:58,0.0,1.0,0.0,0.0
2019-04-22 09:01:00,0.0,0.94,0.06,0.4019
2019-04-22 09:56:00,0.0,0.938,0.062,0.3818
2019-04-22 09:56:00,0.0,0.938,0.062,0.3818
2019-04-22 10:12:19,0.0,0.848,0.152,0.8555
2019-04-22 10:30:00,0.0,0.934,0.066,0.3818
2019-04-22 10:30:00,0.133,0.867,0.0,-0.5719
2019-04-22 11:38:11,0.066,0.89,0.043,-0.2732
2019-04-22 12:00:57,0.055,0.874,0.071,-0.09
2019-04-22 12:07:12,0.0,0.881,0.119,0.6908
2019-04-22 12:11:07,0.0,0.917,0.083,0.4019
2019-04-22 12:15:00,0.0,1.0,0.0,0.0
2019-04-22 12:40:12,0.0,0.897,0.103,0.5859
2019-04-22 13:00:00,0.0,0.929,0.071,0.4588
2019-04-22 13:00:00,0.0,0.838,0.162,0.7506
2019-04-22 13:11:11,0.0,0.744,0.256,0.8519
2019-04-22 13:11:11,0.0,0.751,0.249,0.891
2019-04-22 13:37:11,0.06,0.884,0.056,-0.296
2019-04-22 14:32:00,0.056,0.844,0.1,0.1779
2019-04-22 14:39:19,0.091,0.787,0.122,0.3804
2019-04-22 15:27:26,0.092,0.847,0.062,-0.0772
2019-04-22 16:10:32,0.0,0.898,0.102,0.6369
2019-04-22 16:12:43,0.0,0.821,0.179,0.7944
2019-04-22 16:12:43,0.047,0.783,0.171,0.7065
2019-04-22 16:31:54,0.0,0.851,0.149,0.802
2019-04-22 17:10:54,0.0,0.824,0.176,0.7034
2019-04-22 18:00:00,0.0,0.951,0.049,0.2382
2019-04-22 18:04:02,0.0,0.929,0.071,0.3612
2019-04-22 18:08:43,0.044,0.857,0.1,0.4215
2019-04-22 18:30:06,0.0,0.905,0.095,0.5267
2019-04-22 18:35:29,0.055,0.827,0.118,0.4404
2019-04-22 18:45:59,0.0,0.92,0.08,0.5106
2019-04-22 18:45:59,0.0,0.92,0.08,0.5106
2019-04-22 18:45:59,0.0,0.92,0.08,0.5106
2019-04-22 19:21:01,0.064,0.789,0.147,0.4215
2019-04-22 19:36:14,0.0,0.79,0.21,0.8122
2019-04-22 20:00:00,0.117,0.883,0.0,-0.6767
2019-04-22 20:13:03,0.077,0.923,0.0,-0.34
2019-04-22 20:15:29,0.0,1.0,0.0,0.0
2019-04-22 20:41:27,0.0,0.843,0.157,0.6369
2019-04-22 20:44:25,0.062,0.73,0.208,0.7003
2019-04-22 20:54:00,0.0,0.955,0.045,0.2144
2019-04-22 20:59:00,0.0,0.819,0.181,0.8122
2019-04-22 21:06:11,0.0,1.0,0.0,0.0
2019-04-22 21:25:00,0.047,0.835,0.118,0.5423
2019-04-22 21:25:00,0.0,0.922,0.078,0.5267
2019-04-22 21:25:00,0.0,0.922,0.078,0.5267
2019-04-22 21:38:41,0.0,0.926,0.074,0.5563
2019-04-22 23:30:39,0.0,0.752,0.248,0.8979
2019-04-23 00:00:47,0.0,0.921,0.079,0.5719
2019-04-23 04:00:00,0.0,0.922,0.078,0.4391
2019-04-23 05:01:07,0.0,0.82,0.18,0.8402
2019-04-23 09:00:59,0.0,0.964,0.036,0.128
2019-04-23 09:22:00,0.059,0.779,0.162,0.4404
2019-04-23 10:40:31,0.0,1.0,0.0,0.0
...,0.0,1.0,0.0,0.0
...,0.0,1.0,0.0,0.0
2019-04-23 10:57:26,0.0,1.0,0.0,0.0
2019-04-23 11:35:00,0.05,0.885,0.064,0.1779
2019-04-23 12:06:12,0.0,0.895,0.105,0.5859
2019-04-23 12:10:12,0.0,1.0,0.0,0.0
2019-04-23 12:26:12,0.0,0.832,0.168,0.7964
2019-04-23 12:30:12,0.074,0.8,0.126,0.1531
2019-04-23 12:45:11,0.158,0.775,0.067,-0.5165
2019-04-23 13:00:17,0.062,0.938,0.0,-0.1779
2019-04-23 13:02:24,0.0,0.874,0.126,0.5994
2019-04-23 13:07:18,0.0,0.928,0.072,0.3612
2019-04-23 13:40:01,0.0,0.883,0.117,0.6908
2019-04-23 13:46:59,0.087,0.854,0.059,-0.1027
2019-04-23 13:55:09,0.0,0.864,0.136,0.5994
2019-04-23 14:07:00,0.0,0.839,0.161,0.7579
2019-04-23 14:26:02,0.0,1.0,0.0,0.0
2019-04-23 14:27:34,0.0,0.899,0.101,0.3818
2019-04-23 14:29:00,0.082,0.706,0.212,0.8316
2019-04-23 14:59:02,0.0,0.797,0.203,0.8481
2019-04-23 15:12:09,0.0,0.923,0.077,0.4767
2019-04-23 15:12:09,0.0,0.925,0.075,0.4767
2019-04-23 15:32:55,0.0,0.942,0.058,0.3818
2019-04-23 15:35:52,0.217,0.783,0.0,-0.8126
2019-04-23 16:00:34,0.0,1.0,0.0,0.0
2019-04-23 16:26:30,0.19,0.746,0.064,-0.7096
2019-04-23 16:30:00,0.0,0.93,0.07,0.4767
2019-04-23 16:30:27,0.0,0.874,0.126,0.6705
2019-04-23 16:30:27,0.058,0.645,0.296,0.8689
2019-04-23 17:12:51,0.026,0.863,0.112,0.6222
2019-04-23 17:20:31,0.114,0.768,0.118,0.0516
2019-04-23 17:33:08,0.0,0.95,0.05,0.296
2019-04-23 17:33:08,0.0,0.95,0.05,0.296
2019-04-23 17:33:08,0.0,0.95,0.05,0.296
2019-04-23 17:33:08,0.0,0.95,0.05,0.296
2019-04-23 17:33:08,0.0,0.95,0.05,0.296
2019-04-23 17:33:08,0.0,0.95,0.05,0.296
2019-04-23 17:33:08,0.0,0.95,0.05,0.296
2019-04-23 17:33:08,0.0,0.95,0.05,0.296
2019-04-23 17:33:08,0.0,0.95,0.05,0.296
2019-04-23 17:47:27,0.0,0.941,0.059,0.3182
2019-04-23 18:00:22,0.0,0.856,0.144,0.7089
2019-04-23 18:08:23,0.219,0.728,0.053,-0.8126
2019-04-23 18:53:48,0.071,0.862,0.067,-0.296
2019-04-23 19:31:38,0.06,0.622,0.317,0.886
2019-04-23 19:31:38,0.06,0.622,0.317,0.886
2019-04-23 19:50:00,0.0,0.929,0.071,0.4404
2019-04-23 20:06:00,0.0,0.939,0.061,0.3818
2019-04-23 20:16:15,0.122,0.683,0.196,0.6124
2019-04-23 20:24:00,0.0,0.855,0.145,0.6808
2019-04-23 20:32:24,0.119,0.819,0.062,-0.3818
2019-04-23 20:40:10,0.0,0.955,0.045,0.2144
2019-04-23 21:10:00,0.0,1.0,0.0,0.0
2019-04-23 21:10:00,0.0,1.0,0.0,0.0
2019-04-23 21:10:00,0.0,1.0,0.0,0.0
2019-04-23 21:10:00,0.0,1.0,0.0,0.0
2019-04-23 21:10:00,0.0,1.0,0.0,0.0
2019-04-23 21:10:00,0.0,1.0,0.0,0.0
2019-04-23 21:10:00,0.0,1.0,0.0,0.0
2019-04-23 21:10:00,0.0,1.0,0.0,0.0
2019-04-23 21:10:00,0.0,1.0,0.0,0.0
2019-04-23 21:10:00,0.0,1.0,0.0,0.0
2019-04-23 21:10:00,0.0,1.0,0.0,0.0
2019-04-23 21:46:46,0.0,1.0,0.0,0.0
2019-04-23 22:00:00,0.0,1.0,0.0,0.0
2019-04-23 22:37:21,0.066,0.778,0.156,0.4404
2019-04-23 23:14:21,0.064,0.724,0.213,0.7003
2019-04-23 23:34:09,0.049,0.809,0.143,0.6597
2019-04-23 23:34:09,0.049,0.809,0.143,0.6597
2019-04-23 23:35:57,0.048,0.812,0.14,0.6597
2019-04-23 23:45:41,0.0,1.0,0.0,0.0
2019-04-24 00:00:00,0.0,1.0,0.0,0.0
2019-04-24 00:00:00,0.0,1.0,0.0,0.0
2019-04-24 00:00:00,0.0,1.0,0.0,0.0
2019-04-24 00:20:36,0.064,0.724,0.213,0.7003
2019-04-24 05:02:30,0.0,0.798,0.202,0.8625
2019-04-24 07:09:36,0.0,0.947,0.053,0.2023
2019-04-24 08:28:39,0.0,0.887,0.113,0.5719
2019-04-24 09:00:09,0.0,0.957,0.043,0.2023
2019-04-24 09:00:49,0.0,1.0,0.0,0.0
2019-04-24 09:05:40,0.0,1.0,0.0,0.0
2019-04-24 09:10:21,0.0,0.932,0.068,0.4939
2019-04-24 10:15:39,0.289,0.711,0.0,-0.9153
2019-04-24 10:51:55,0.07,0.862,0.068,-0.0258
2019-04-24 10:51:55,0.0,0.764,0.236,0.8481
2019-04-24 10:53:37,0.0,0.871,0.129,0.5994
2019-04-24 11:00:33,0.0,0.86,0.14,0.6908
2019-04-24 11:10:08,0.0,1.0,0.0,0.0
2019-04-24 11:15:37,0.0,0.876,0.124,0.6705
2019-04-24 11:26:55,0.0,1.0,0.0,0.0
2019-04-24 11:31:36,0.0,0.887,0.113,0.6249
2019-04-24 11:32:54,0.0,1.0,0.0,0.0
2019-04-24 11:45:51,0.0,0.731,0.269,0.9118
2019-04-24 11:45:54,0.0,0.941,0.059,0.3612
2019-04-24 12:01:04,0.0,0.929,0.071,0.4404
2019-04-24 12:16:00,0.052,0.81,0.138,0.3818
2019-04-24 12:29:00,0.047,0.953,0.0,-0.2732
2019-04-24 12:29:00,0.047,0.953,0.0,-0.2732
2019-04-24 12:29:00,0.047,0.953,0.0,-0.2732
2019-04-24 13:01:00,0.047,0.891,0.062,0.1531
2019-04-24 13:01:00,0.047,0.891,0.062,0.1531
2019-04-24 13:10:21,0.0,0.84,0.16,0.6486
2019-04-24 13:10:21,0.057,0.842,0.101,0.1531
2019-04-24 13:14:20,0.0,1.0,0.0,0.0
2019-04-24 13:30:00,0.049,0.837,0.114,0.4588
2019-04-24 13:35:55,0.0,0.969,0.031,0.0772
2019-04-24 14:20:01,0.0,0.974,0.026,0.0258
2019-04-24 14:24:30,0.0,1.0,0.0,0.0
2019-04-24 14:39:00,0.0,0.789,0.211,0.8712
2019-04-24 14:56:48,0.0,0.911,0.089,0.4019
2019-04-24 15:07:12,0.0,0.733,0.267,0.9081
2019-04-24 15:47:22,0.112,0.888,0.0,-0.3716
2019-04-24 15:56:34,0.088,0.726,0.186,0.6605
2019-04-24 15:59:42,0.05,0.95,0.0,-0.296
2019-04-24 16:04:42,0.0,0.951,0.049,0.2732
2019-04-24 16:06:01,0.0,1.0,0.0,0.0
2019-04-24 16:06:04,0.119,0.818,0.063,-0.4588
2019-04-24 16:22:04,0.0,0.749,0.251,0.886
2019-04-24 16:22:30,0.078,0.825,0.097,-0.0258
2019-04-24 16:29:31,0.066,0.778,0.156,0.4404
2019-04-24 16:57:04,0.0,0.939,0.061,0.25
2019-04-24 17:04:40,0.096,0.819,0.086,-0.128
2019-04-24 17:13:23,0.0,0.957,0.043,0.2263
2019-04-24 17:13:23,0.0,0.957,0.043,0.2263
2019-04-24 17:13:23,0.0,0.957,0.043,0.2263
2019-04-24 17:21:43,0.051,0.716,0.233,0.7964
2019-04-24 17:42:20,0.0,0.773,0.227,0.8271
2019-04-24 17:42:34,0.074,0.871,0.056,-0.2023
2019-04-24 17:50:24,0.0,0.963,0.037,0.1139
2019-04-24 17:50:24,0.0,0.963,0.037,0.1139
2019-04-24 17:50:24,0.0,0.963,0.037,0.1139
2019-04-24 17:50:24,0.0,0.963,0.037,0.1139
2019-04-24 18:00:28,0.058,0.823,0.119,0.6124
2019-04-24 18:00:28,0.058,0.823,0.119,0.6124
2019-04-24 18:11:37,0.064,0.724,0.213,0.7003
2019-04-24 19:00:00,0.0,0.878,0.122,0.6124
2019-04-24 19:11:30,0.061,0.735,0.204,0.7003
2019-04-24 19:29:58,0.067,0.787,0.146,0.34
2019-04-24 19:35:14,0.13,0.87,0.0,-0.7275
2019-04-24 19:36:53,0.126,0.874,0.0,-0.6819
2019-04-24 19:44:01,0.064,0.789,0.147,0.4215
2019-04-24 19:44:01,0.0,0.884,0.116,0.6705
2019-04-24 19:54:22,0.069,0.782,0.149,0.34
2019-04-24 19:54:22,0.0,0.937,0.063,0.3612
2019-04-24 20:04:08,0.058,0.807,0.135,0.5719
2019-04-24 20:13:16,0.0,0.939,0.061,0.296
2019-04-24 20:13:16,0.0,0.843,0.157,0.6705
2019-04-24 20:13:16,0.0,1.0,0.0,0.0
2019-04-24 20:22:00,0.0,0.887,0.113,0.6369
2019-04-24 20:26:00,0.0,0.869,0.131,0.5994
2019-04-24 20:30:00,0.0,1.0,0.0,0.0
2019-04-24 20:30:00,0.0,1.0,0.0,0.0
2019-04-24 20:37:45,0.231,0.668,0.101,-0.7783
2019-04-24 20:39:53,0.0,0.938,0.062,0.3182
2019-04-24 20:55:22,0.065,0.742,0.193,0.5719
2019-04-24 21:10:43,0.0,1.0,0.0,0.0
2019-04-24 21:15:00,0.0,1.0,0.0,0.0
2019-04-24 21:15:00,0.0,1.0,0.0,0.0
2019-04-24 21:36:33,0.069,0.931,0.0,-0.4939
2019-04-24 21:37:17,0.0,1.0,0.0,0.0
2019-04-24 21:45:09,0.138,0.862,0.0,-0.7096
2019-04-24 22:30:00,0.087,0.868,0.045,-0.1779
2019-04-24 22:48:30,0.069,0.782,0.149,0.34
2019-04-24 22:50:42,0.315,0.59,0.095,-0.9062
2019-04-24 22:51:00,0.0,0.837,0.163,0.6808
2019-04-24 22:58:00,0.061,0.939,0.0,-0.3818
2019-04-24 23:00:00,0.273,0.667,0.06,-0.8885
2019-04-24 23:11:00,0.048,0.907,0.045,-0.0258
2019-04-24 23:25:11,0.069,0.782,0.149,0.34
2019-04-25 00:45:03,0.043,0.957,0.0,-0.1901
2019-04-25 01:47:39,0.065,0.717,0.217,0.7003
2019-04-25 02:10:33,0.231,0.668,0.101,-0.7783
2019-04-25 02:38:04,0.065,0.719,0.216,0.6908
2019-04-25 02:45:00,0.0,0.935,0.065,0.3612
2019-04-25 03:50:00,0.074,0.926,0.0,-0.5574
2019-04-25 04:00:00,0.148,0.852,0.0,-0.7964
2019-04-25 04:56:48,0.067,0.78,0.154,0.4215
2019-04-25 05:30:41,0.0,0.974,0.026,0.0258
2019-04-25 07:21:30,0.114,0.825,0.061,-0.3612
2019-04-25 07:21:30,0.117,0.821,0.063,-0.3612
2019-04-25 09:41:51,0.0,0.84,0.16,0.6486
2019-04-25 10:46:56,0.0,0.776,0.224,0.8608
2019-04-25 11:07:16,0.075,0.925,0.0,-0.5267
2019-04-25 11:25:15,0.0,0.827,0.173,0.7096
2019-04-25 11:25:35,0.0,0.833,0.167,0.6808
2019-04-25 11:30:11,0.062,0.802,0.136,0.3818
2019-04-25 11:54:31,0.047,0.842,0.111,0.3818
2019-04-25 12:00:00,0.0,0.963,0.037,0.1531
2019-04-25 12:00:00,0.0,0.899,0.101,0.5574
2019-04-25 12:00:00,0.0,0.899,0.101,0.5574
2019-04-25 12:00:00,0.0,0.835,0.165,0.8176
2019-04-25 12:01:38,0.111,0.784,0.105,-0.0772
2019-04-25 12:01:38,0.111,0.784,0.105,-0.0772
2019-04-25 12:13:00,0.044,0.956,0.0,-0.2732
2019-04-25 12:29:38,0.0,1.0,0.0,0.0
2019-04-25 12:33:30,0.0,1.0,0.0,0.0
2019-04-25 12:53:33,0.056,0.887,0.058,0.0258
2019-04-25 13:10:27,0.268,0.673,0.059,-0.8885
2019-04-25 13:10:27,0.268,0.673,0.059,-0.8885
2019-04-25 13:10:55,0.0,1.0,0.0,0.0
2019-04-25 13:18:55,0.032,0.858,0.11,0.431
2019-04-25 13:46:00,0.072,0.854,0.074,0.0258
2019-04-25 13:55:36,0.146,0.811,0.044,-0.5994
2019-04-25 14:00:00,0.0,0.97,0.03,0.0772
2019-04-25 14:00:51,0.0,1.0,0.0,0.0
2019-04-25 14:04:32,0.042,0.871,0.087,0.4601
2019-04-25 14:04:32,0.042,0.871,0.087,0.4601
2019-04-25 14:04:32,0.042,0.871,0.087,0.4601
2019-04-25 14:09:07,0.0,1.0,0.0,0.0
2019-04-25 14:09:20,0.0,1.0,0.0,0.0
2019-04-25 14:24:36,0.054,0.699,0.247,0.8979
2019-04-25 14:24:36,0.056,0.758,0.186,0.8176
2019-04-25 14:38:02,0.0,0.958,0.042,0.2732
2019-04-25 14:59:13,0.0,0.876,0.124,0.6997
2019-04-25 14:59:13,0.0,0.876,0.124,0.6997
2019-04-25 15:18:00,0.054,0.818,0.128,0.4404
2019-04-25 15:35:20,0.065,0.708,0.227,0.8779
2019-04-25 15:50:55,0.23,0.77,0.0,-0.8765
2019-04-25 15:53:04,0.0,0.902,0.098,0.5719
2019-04-25 16:16:20,0.216,0.683,0.101,-0.7506
2019-04-25 16:51:23,0.085,0.915,0.0,-0.5574
2019-04-25 16:54:11,0.07,0.777,0.153,0.34
2019-04-25 17:11:15,0.12,0.771,0.109,0.128
2019-04-25 17:39:28,0.0,0.932,0.068,0.3612
2019-04-25 17:43:05,0.0,0.947,0.053,0.296
2019-04-25 17:43:05,0.0,0.947,0.053,0.296
2019-04-25 17:43:05,0.0,0.947,0.053,0.296
2019-04-25 17:54:47,0.07,0.769,0.161,0.4215
2019-04-25 18:00:00,0.0,0.807,0.193,0.7845
2019-04-25 18:26:19,0.0,1.0,0.0,0.0
2019-04-25 18:31:00,0.047,0.892,0.062,0.1779
2019-04-25 18:51:24,0.0,1.0,0.0,0.0
2019-04-25 18:58:57,0.033,0.934,0.033,0.0
2019-04-25 19:00:11,0.063,0.736,0.201,0.6597
2019-04-25 19:26:03,0.0,1.0,0.0,0.0
2019-04-25 19:30:28,0.0,1.0,0.0,0.0
2019-04-25 19:35:00,0.0,0.871,0.129,0.6997
2019-04-25 19:39:34,0.108,0.797,0.096,-0.1531
2019-04-25 19:46:23,0.068,0.775,0.157,0.4215
2019-04-25 19:52:10,0.065,0.717,0.217,0.7003
2019-04-25 19:52:10,0.065,0.717,0.217,0.7003
2019-04-25 20:15:00,0.0,1.0,0.0,0.0
2019-04-25 20:18:02,0.064,0.724,0.213,0.7003
2019-04-25 20:21:45,0.0,0.797,0.203,0.8271
2019-04-25 20:30:00,0.0,1.0,0.0,0.0
2019-04-25 20:30:37,0.066,0.867,0.068,0.0258
2019-04-25 20:30:37,0.066,0.867,0.068,0.0258
2019-04-25 20:35:00,0.072,0.823,0.105,0.1531
2019-04-25 20:35:59,0.066,0.778,0.156,0.4404
2019-04-25 20:35:59,0.0,1.0,0.0,0.0
2019-04-25 20:48:37,0.0,0.925,0.075,0.4588
2019-04-25 20:48:37,0.065,0.717,0.217,0.7003
2019-04-25 21:00:08,0.066,0.828,0.106,0.2263
2019-04-25 21:03:15,0.06,0.686,0.254,0.8074
2019-04-25 21:03:15,0.06,0.686,0.254,0.8074
2019-04-25 21:03:15,0.06,0.686,0.254,0.8074
2019-04-25 21:03:15,0.0,0.879,0.121,0.6705
2019-04-25 21:25:00,0.072,0.799,0.129,0.4215
2019-04-25 21:25:00,0.072,0.799,0.129,0.4215
2019-04-25 21:25:37,0.054,0.893,0.054,0.0
2019-04-25 21:37:28,0.0,0.927,0.073,0.4588
2019-04-25 21:37:28,0.068,0.775,0.157,0.4215
2019-04-25 21:40:39,0.061,0.735,0.204,0.7003
2019-04-25 21:40:39,0.061,0.735,0.204,0.7003
2019-04-25 21:40:39,0.0,0.933,0.067,0.4588
2019-04-25 22:05:10,0.06,0.806,0.133,0.3818
2019-04-25 22:08:21,0.0,1.0,0.0,0.0
2019-04-25 22:08:22,0.044,0.899,0.057,-0.1027
2019-04-25 22:19:29,0.0,0.949,0.051,0.2732
2019-04-25 22:19:37,0.068,0.775,0.157,0.4215
2019-04-25 22:48:15,0.096,0.846,0.058,-0.1779
2019-04-25 23:31:50,0.137,0.863,0.0,-0.7351
2019-04-26 00:29:32,0.066,0.731,0.203,0.6124
2019-04-26 00:29:32,0.0,0.824,0.176,0.7964
2019-04-26 00:37:59,0.068,0.775,0.157,0.4215
2019-04-26 01:05:23,0.0,1.0,0.0,0.0
2019-04-26 01:30:55,0.066,0.726,0.209,0.6486
2019-04-26 02:17:49,0.0,1.0,0.0,0.0
2019-04-26 02:18:13,0.0,0.93,0.07,0.4215
2019-04-26 02:58:31,0.064,0.724,0.213,0.7003
2019-04-26 03:39:37,0.0,0.904,0.096,0.34
2019-04-26 04:10:09,0.0,1.0,0.0,0.0
2019-04-26 04:26:14,0.0,0.961,0.039,0.128
2019-04-26 04:32:07,0.0,0.959,0.041,0.2023
2019-04-26 04:32:07,0.0,0.959,0.041,0.2023
2019-04-26 06:48:57,0.069,0.782,0.149,0.34
2019-04-26 07:14:13,0.0,0.882,0.118,0.6705
2019-04-26 07:14:13,0.065,0.785,0.15,0.4215
2019-04-26 07:47:19,0.07,0.777,0.153,0.34
2019-04-26 09:20:09,0.145,0.814,0.041,-0.7059
2019-04-26 09:48:38,0.12,0.804,0.077,-0.3382
2019-04-26 09:58:09,0.0,0.865,0.135,0.6249
2019-04-26 10:00:00,0.0,0.845,0.155,0.7003
2019-04-26 10:02:00,0.0,1.0,0.0,0.0
2019-04-26 10:11:03,0.04,0.794,0.167,0.7501
2019-04-26 10:40:15,0.066,0.778,0.156,0.4404
2019-04-26 11:07:18,0.103,0.833,0.064,-0.2023
2019-04-26 11:20:53,0.049,0.852,0.099,0.296
2019-04-26 11:22:00,0.0,1.0,0.0,0.0
2019-04-26 11:22:52,0.105,0.83,0.065,-0.2023
2019-04-26 11:59:21,0.0,0.887,0.113,0.6705
2019-04-26 11:59:21,0.067,0.78,0.154,0.4215
2019-04-26 11:59:21,0.067,0.78,0.154,0.4215
2019-04-26 12:15:00,0.0,1.0,0.0,0.0
2019-04-26 12:30:00,0.0,0.845,0.155,0.5859
2019-04-26 12:36:56,0.054,0.838,0.108,0.4019
2019-04-26 12:39:35,0.0,0.916,0.084,0.4939
2019-04-26 13:07:01,0.0,0.897,0.103,0.5423
2019-04-26 13:09:09,0.0,0.821,0.179,0.7944
2019-04-26 13:11:00,0.0,0.886,0.114,0.6486
2019-04-26 13:11:34,0.0,0.921,0.079,0.4588
2019-04-26 13:15:03,0.0,0.929,0.071,0.4404
2019-04-26 13:32:10,0.0,0.83,0.17,0.7184
2019-04-26 13:37:47,0.0,0.928,0.072,0.4215
2019-04-26 14:02:19,0.0,1.0,0.0,0.0
2019-04-26 14:27:00,0.087,0.782,0.131,0.2732
2019-04-26 14:32:10,0.07,0.769,0.161,0.4215
2019-04-26 14:32:10,0.0,0.923,0.077,0.4588
2019-04-26 14:40:52,0.0,0.941,0.059,0.3612
2019-04-26 14:41:12,0.0,0.936,0.064,0.4215
2019-04-26 14:48:52,0.064,0.724,0.213,0.7003
2019-04-26 14:57:00,0.0,0.852,0.148,0.7531
2019-04-26 15:00:03,0.048,0.744,0.208,0.763
2019-04-26 15:13:00,0.05,0.9,0.05,0.0
2019-04-26 15:35:25,0.0,1.0,0.0,0.0
2019-04-26 15:38:26,0.0,1.0,0.0,0.0
2019-04-26 17:08:00,0.0,0.858,0.142,0.6808
2019-04-26 17:38:38,0.057,0.807,0.135,0.4588
2019-04-26 18:00:00,0.0,1.0,0.0,0.0
2019-04-26 18:10:05,0.0,1.0,0.0,0.0
2019-04-26 18:16:46,0.144,0.814,0.042,-0.6597
2019-04-26 18:48:00,0.055,0.945,0.0,-0.296
2019-04-26 18:49:15,0.0,1.0,0.0,0.0
2019-04-26 18:52:09,0.0,0.825,0.175,0.7717
2019-04-26 18:54:00,0.0,0.899,0.101,0.5267
2019-04-26 18:56:15,0.0,0.947,0.053,0.3818
2019-04-26 19:04:27,0.059,0.692,0.248,0.8074
2019-04-26 19:04:27,0.0,0.833,0.167,0.802
2019-04-26 19:10:06,0.068,0.775,0.157,0.4215
2019-04-26 19:54:00,0.0,0.912,0.088,0.6289
2019-04-26 19:58:46,0.0,0.944,0.056,0.3182
2019-04-26 19:58:46,0.066,0.778,0.156,0.4404
2019-04-26 20:30:36,0.0,1.0,0.0,0.0
2019-04-26 20:50:00,0.114,0.689,0.197,0.5994
2019-04-26 20:53:11,0.064,0.724,0.213,0.7003
2019-04-26 21:00:08,0.12,0.88,0.0,-0.743
2019-04-26 21:10:00,0.0,0.875,0.125,0.6124
2019-04-26 21:10:00,0.07,0.93,0.0,-0.4588
2019-04-26 21:10:00,0.07,0.93,0.0,-0.4588
2019-04-26 21:10:00,0.0,0.872,0.128,0.6124
2019-04-26 21:30:00,0.073,0.837,0.09,-0.0516
2019-04-26 21:47:00,0.0,0.873,0.127,0.5859
2019-04-26 21:55:00,0.0,0.938,0.062,0.4019
2019-04-26 22:18:26,0.0,1.0,0.0,0.0
2019-04-26 23:02:45,0.065,0.717,0.217,0.7003
2019-04-26 23:38:29,0.065,0.717,0.217,0.7003
2019-04-27 03:26:25,0.0,0.969,0.031,0.0772
2019-04-27 04:12:00,0.0,0.87,0.13,0.5859
2019-04-27 06:32:01,0.178,0.822,0.0,-0.8316
2019-04-27 11:45:56,0.0,0.964,0.036,0.1027
2019-04-27 13:00:19,0.061,0.939,0.0,-0.4404
2019-04-27 13:30:01,0.0,0.881,0.119,0.7003
2019-04-27 15:00:00,0.0,0.955,0.045,0.2144
2019-04-27 16:00:26,0.061,0.939,0.0,-0.4404
